-0.0662608079833337,-0.5494375088954171,0.7294471830527381,-0.40746193804479885
-0.3922736157747612,-0.22361535242385047,0.17002221040201143,-0.9597336204022298
0.0690303823535226,-0.07403783249180758,0.8369588154712017,-0.5422345807535315
-0.0054042454500692,-0.15332427347830305,0.9427256123973742,-0.29624329003767563
0.2332595373372129,0.7283615021816743,0.5377078914839459,-0.42468782131766375
-0.0023042240748368,0.9098760868766168,0.41464261128577384,-0.014036076239809799
-0.1295723092223685,0.27399538456859074,0.9386627316717341,0.20937718453945284
0.0815043771797426,-0.5899293800758173,0.7169168535444298,0.3715017518495928
-0.0370619746757696,0.8624935062777324,0.17558285433060689,-0.4746320816104407
0.0091784727804901,-0.4854085213126238,0.8694801128326464,-0.09155818273437208
0.0266128475623826,-0.16189819854050586,0.15236349119692127,0.9749740200947021
-0.1597588638206014,-0.08492219034923484,0.9951590557962046,0.04946387826581116
-0.0168593747421112,0.02418377743983014,0.9238505288618429,-0.3819886715996089
-0.1264813916187364,-0.13862880841791544,0.9370986170998855,0.3203564191741928
0.0031798231146397,-0.0314049425269911,0.988352395247858,-0.1489069252677602
0.353477683119675,-0.14725542510227604,0.9882067214866906,-0.04199184904805097
-0.0847997177655671,-0.31497907465831154,0.5781932603848714,0.7526491454674655
-0.0035753154920307,-0.9066133296476744,0.27553592505308655,0.31958132691115915
-0.0263197273685763,-0.33046558151630073,0.4339222026626574,-0.8381551297161408
-0.0062190670070926,0.8795353380407617,0.30960606765256493,-0.36133318697600764
-0.0772444857490429,-0.20020515539540681,0.964037959374759,0.17478188875753556
0.0254754432434461,-0.8185386033941207,0.4787354934413455,0.31750099538910714
-0.0774981656879773,0.8626137818768861,0.22830143480602227,0.45141546072500394
0.0726595615871485,-0.16524667518458727,0.9808914095063693,0.1026916700470274
0.1694774701110659,0.9987554278814437,0.008988259820145521,-0.049059213841643905
-0.153984176134332,0.3196994883911466,0.7168390808604056,0.6196240547893924
0.0504612336881429,-0.5059010468181855,0.48333144295250097,0.7144612285363828
0.162556983327255,0.5214617042936506,0.4886487686812277,0.6994998726386455
0.0405860766775323,0.6079878364077153,0.714464707816319,0.34625275748390383
0.0809278434165012,0.14783995123253002,0.8307773414682108,-0.5366119246928593
0.0222843418851748,0.7628309531332961,0.5599020813318981,0.32341706241624835
0.4080267804942443,0.04661466910784169,0.7566163700074033,-0.6521953244701978
-0.1026625688809937,-0.6896124232844171,0.6029467194612946,-0.4011109062873469
-0.0108752431370098,0.46777971632286414,0.8403781105016233,-0.27376407431696037
0.070663949974083,0.13127558235443088,0.5459510644146124,0.8274685231125453
-0.1099335827631312,0.00720701304610996,0.999913864718812,0.01096914335955838
-0.0164405328870805,0.4258090813338116,0.465607184882872,0.7758199376395932
-0.0307822561160699,0.20272978413472273,0.9782617487936631,-0.043641556707484624
0.0005938771140795,0.004801541387025109,0.9444877736656642,0.32851147711516226
0.0062049031441046,0.2698689345642104,0.8975488281143329,-0.34867873366146906
-0.0527614539554765,-0.01244219738570291,0.9996883353795174,0.021643101218278452
-0.0989955460270886,0.0669767019685227,0.9635062957584033,-0.25917125501748817
0.0073657124544304,-0.8262677146603621,0.4564504373840277,-0.3300525138850973
-0.030067921381923,0.5020658933012412,0.8043936100750217,0.31761731510435726
-0.0148745530715708,0.9208260222403021,0.3010680811572807,0.24786578479769186
-0.0298671781805196,-0.0534937382231767,0.9971996375679512,0.05226186760207778
0.0040983022762303,0.6408065673692683,0.521172182455372,0.5636900739334689
0.1290844679500704,-0.25230243477967,0.8533324009513521,-0.4562535423323871
-0.1556294629244507,0.6138663990102521,0.3742646090675791,0.6950496720132153
-0.0186745618647773,-0.7371640075281174,0.06326144030235414,0.6727460265032841
-0.0504073208238163,0.0017346613009547112,0.9994726907762896,-0.032424240046212006
0.0435305207923797,-0.455415845855055,0.5432942492177423,0.7052855918782508
-0.0095828137432357,-0.7311403597314521,0.6713768808704671,0.12118934856003387
-0.0713177376478285,-0.14124521548747687,0.9882880481094888,0.05776264420742052
0.0469427379461252,0.8494708850819682,0.14119575268077977,-0.5083925400937405
0.0224495678667981,-0.4267769906771024,0.8978448335499166,-0.10833307480321543
-0.0301749848661681,-0.42329764025581257,0.9025212898681312,-0.07921129394616357
0.0411695179064641,0.012260373695437624,0.5918827282701331,0.8059308402166727
0.02061280898163,-0.7953716600772951,0.15967204469662674,0.5847125451777875
-0.0855868872450211,-0.2824093485768189,0.7875281316242915,-0.5477630890601971
-0.090060124728804,-0.9037849220831914,0.4275108791087935,-0.020180754661467102
0.0114993361876286,0.9290138498491516,0.2455010310936877,0.2768799568773338
0.1213495894414997,-0.05226490184327283,0.9612042063508383,-0.2708410119032348
-0.1427073404994847,-0.15664777394828167,0.9569618175443714,-0.2443062722879243
0.1561886577218847,-0.06764024469834834,0.38360594084680166,0.9210164382051972
0.0089189502597226,0.33836660607992486,0.9047361761819097,-0.2587672533333562
-0.0120136838369112,0.7676109487262752,0.06751905016596564,-0.6373496758140177
0.1340806202172819,0.6719770892839363,0.7237252367031812,0.15706232277797605
-0.2767817483307757,0.44436158089233474,0.016514794139129724,0.8956952869148119
0.0734762243787874,0.7377920122241527,0.2646645719172074,-0.6209795576910058
-0.1780779056410903,-0.12455605878369305,0.99220001923785,0.0049909963617918805
0.0485493747568547,-0.5467376881153398,0.6586813134721743,-0.5169301961356724
0.0130205860575331,0.024070043993149166,0.9963302198334951,-0.08213845645437381
-0.0248468326242402,0.6469528251981497,0.6289625373150015,0.431112709882703
-0.0902722739267404,0.0055877878570021,0.6734069261431732,0.7392508968200635
-0.005358781967629,-0.011767061227372654,0.9504292091101637,-0.31071828839046456
-0.0887498074463843,-0.20752740681091794,0.9766693432362192,0.05522109565073805
0.062646283365063,-0.049838143297877495,0.4919637049520199,0.8691880535778792
-0.027094361308839,-0.12945216302491336,0.8146226604339069,0.5653601140828339
0.0319122753036518,0.2928370618683931,0.2580588043306184,-0.9206802423771993
-0.0411290070115135,0.19312463647565015,0.9628234180958322,-0.18887546254716736
0.1630550206348142,0.23166758476405194,0.05945940129843996,0.9709761633360635
-0.0759951627480393,0.3826242817664091,0.8992267948527561,-0.21210806307535487
-0.1028755262437722,0.1924807278674227,0.948026566777098,-0.25337087063128605
0.1344675310644299,0.32745109915560044,0.8635785224083379,0.3834161098556254
-0.2355671245582876,0.6357919801722177,0.766890202071292,0.08745270673766066
-0.101236160550365,-0.18993384741095298,0.8859940074497422,0.42301270946724395
-0.0280655732128043,-0.14183320575457076,0.9598718896288284,0.24192828946975972
-0.1110378749285381,0.7387590283827721,0.38077415428066513,-0.5560990392140475
-0.003116723632907,-0.5973162247828421,0.6730429662307061,0.4361496225133595
-0.0871180436071926,-0.332290676020321,0.5632395925824885,0.7565342477227786
0.162559892492564,-0.007131658964375215,0.9999659969572424,0.004140576013556264
-0.0039811606445867,-0.40745880019081904,0.7820235753820819,-0.47161048938046696
0.0411834463338091,-0.7785232494522805,0.6031693574267027,0.1734597253650564
-0.039396624619136,-0.06758785201468957,0.9977006604269331,0.00502736946146635
0.0297102954705794,0.13088350349838787,0.9877974525252203,0.08441386910142486
0.0870885022250179,-0.1513758964763017,0.9462511823056106,-0.2858216890846988
-0.1335496403352422,0.3680698965049293,0.6507152685555133,0.6641492231084645
-0.0587819380531112,-0.02958070962816855,0.9991841332786271,0.027496352887842235
-0.1611915582026741,0.388247949100526,0.8520518242673966,-0.3511000125061759
0.0708400519883912,-0.0507224706307845,0.6786871143805807,0.7326738918146803
0.0764585416734502,0.4528692396295075,0.084038154831641,0.887607481001532
0.1260433336226336,-0.2802958176477158,0.9597652026739606,0.016882249417945708
0.0464866112256605,0.7768182953139644,0.1951046623791905,0.5987382623345601
0.0732708589746704,0.09607444983927795,0.9952652256171508,0.014725174543007518
0.2357848013523704,0.12716781966404023,0.9758727869421994,-0.1774842228130681
0.1141440866491425,-0.6995982704475003,0.7079886967348271,0.0965104413138139
-0.168506801376695,0.20016855928360702,0.9521168062196721,-0.23109767456289237
0.0055694603671421,0.03738506139566864,0.6600610818634071,0.7502810975852655
0.0091612342801758,0.21034250224699652,0.3056401783505361,-0.9286226968614997
0.0431181392838948,-0.7484541063308545,0.3260759557564971,-0.5774867286734553
0.0151861828858999,-0.7694999227216456,0.4630194007546662,-0.43986691561899854
0.0696659896028914,0.7602818246241732,0.050738300802144656,-0.6476088109174003
0.3403054818094386,0.3110098622878053,0.9504047088738798,0.0019377590345532024
-0.0016538184123389,-0.22378456028773439,0.7454030616870622,-0.6279289340398156
0.0186508177757897,-0.013863171252534017,0.32314064634309875,-0.9462494043135706
-0.0836249759987648,-0.3509896619652053,0.9057720031341921,-0.2374517541140177
-0.0479209408599,-0.6563415503316198,0.6751930881353855,0.33664530747136134
0.0430036345392486,0.05132722855361544,0.9761956449804312,-0.21073105687165508
0.0331719584120367,-0.0008618407118148511,0.9998827923420559,0.015285902290694953
0.1709790519346368,-0.9670100309702158,0.11703423343035428,0.2262622111806384
-0.0803120774075272,-0.013253182099795384,0.26979490340762186,0.9628266008267021
-0.004811133027633,0.03506332895720857,0.9874805181250716,-0.15379463347554972
-0.0446346832790439,0.20511308610012946,0.9650563458513092,0.16307934033040247
0.2846980718296544,0.272901706692955,0.961914622522738,0.015649839009108418
-0.0533420202952256,0.016974184197635328,0.5432225089217364,0.8394171685589942
-0.0021297341775855,0.3834197402864704,0.6581478411418793,-0.6479434558346424
0.0971383541906746,-0.2831476815011937,0.5566371504337447,-0.7810137471373338
-0.1682883629748727,0.3550842525520188,0.8514752375790812,0.38588222734303457
0.3716562405657912,0.8274164789261346,0.27269924871703466,-0.4909349143732218
0.040572581485116,-0.7816202257864258,0.06836068131879204,0.6199972902289228
0.1899063846187316,-0.22376688587518093,0.38989336932428875,0.893258944171665
-0.2558834107971064,0.2670309084765739,0.602361389801411,0.752233507625583
0.0316390486047597,0.02238583351392554,0.8813480352758476,-0.4719369822055591
0.0476862387844039,0.09757080454437728,0.7966405130826563,0.596526471345543
0.0503878093608448,-0.006040641265190115,0.9397191916502604,0.3418937722411546
0.0616656537438726,-0.02096260490588406,0.9449404008086411,-0.3265703723780903
-0.4087352384130845,-0.22643143686020412,0.9734823147644662,-0.032572799115829665
-0.2357940334867262,-0.5761123626756837,0.8126340001045295,0.0878665320036764
-0.0157695758281459,-0.35864520759678076,0.9196401767019396,0.16011108788427902
-0.0668763109108426,0.035875872999172984,0.3088950586123967,-0.9504192572235641
0.0224693782165491,0.03893571337575394,0.9939598229147165,-0.10260546113763433
-0.146112013739605,0.5407346867233922,0.022520876413541724,0.8408916747713233
-0.0924518690031938,-0.09263044711633903,0.7473697756435683,0.6579194621847795
-0.5029178848244852,0.020956654790421213,0.9991542756971579,-0.03537728050717108
0.1301972262214956,-0.8978909371046763,0.4376821557731488,-0.047182577113330654
0.0968884980054702,0.2740221170565219,0.9574046430647031,-0.09103971002815328
-0.0455877757981142,-0.6155573591162832,0.4368995509194817,-0.6559023708175954
-0.0314212321991892,-0.7153255515889936,0.14592240562659387,-0.6833856940118442
0.0231380650642436,-0.8021997757482118,0.5254583558109696,0.2834943316857521
0.0482153847500692,0.02021297634429184,0.9992641811507378,-0.032596500677994876
-0.1933571763839938,0.024551867883676637,0.9197408951419432,-0.3917574397339754
0.0133601306387408,-0.5661412256183289,0.8003677172592591,-0.19721975008750767
-0.0626436924602652,0.7438056531951165,0.037773252442538464,-0.6673277543118512
-0.0125194524083526,0.0690834902111498,0.9457546582701291,-0.31745172505531843
0.0483846996126169,0.14070010117457185,0.9890898912898426,-0.04364250769276108
-0.15979973331465,-0.3041574177936217,0.644142291021848,0.7018325826849598
0.3061547888296216,0.27411421669137453,0.961696416139487,0.0011829590613653637
-0.0156597633807439,0.08200060293264601,0.5971552663710816,-0.7979232350069555
-0.2179217426878915,0.30743599378766884,0.9373981868437052,-0.16360852369580955
0.1691962241500237,-0.23322905033010116,0.9161677766330069,0.3259460310257698
0.0855980851294036,-0.4853246015021754,0.05222109688885055,0.8727731596563222
-0.0474091748490912,-0.23215956517960368,0.9587236767923895,0.1641671339010928
-0.3816181232152556,-0.05632138909126505,0.8417182200543496,-0.5369714509723656
0.1707721710940382,-0.4229349840987362,0.26285929482643605,-0.867197203840482
0.0943468008894632,0.188722961890953,0.9164347750931199,0.3528894255360008
-0.1423155972315294,-0.40618293464039534,0.7259027370379229,0.5550501238336666
-0.0157930522930348,-0.2868414043371719,0.9401042155842431,0.1841903162454915
0.3744257770833307,-0.020161269470205263,0.9270994735513277,0.37427274727690346
0.0703429076530052,-0.14793382795306825,0.9889886030887861,0.004138297674589738
-0.0575462720684959,0.6684722453143783,0.18650519653626949,0.7199726862244992
-0.0589782533712027,-0.01861127767903048,0.9998267481323787,-0.0003066955932689282
-0.0509782784317802,-0.22488108447625857,0.7838039012731273,0.5788609005571266
-0.1675259064127865,0.016172474130240876,0.9992545874227627,0.035053111061229957
-0.114005994653072,-0.861043488050733,0.2993852094099615,0.4110627787479434
-0.0242843584967473,-0.7011276589207458,0.48050731503994804,-0.5268137489563217
-0.0774417304944905,0.2427251364026727,0.9557210545891293,-0.1663784059706866
0.0264959672021207,0.09653134237428573,0.9844181242864333,-0.14697842193940872
-0.0057887103837569,0.8039347108760048,0.1258587694213836,-0.5812474092918176
-0.0822085003677414,0.17676703841650088,0.6793724790389659,-0.7121842801227145
-0.0901204578447543,-0.632396264536489,0.7687109884741643,-0.09569942946208289
0.1064802281824136,-0.2968592478498206,0.9329571809881759,-0.20363075752114332
0.000214427728009,-0.48978328063351084,0.208754987831702,-0.8464831321811802
0.0988237160877119,0.44797958434063695,0.8210733598691655,0.35376945844313645
-0.1047164048848361,-0.6551044748833998,0.726256734440453,0.2083009425509983
-0.0290676899511989,-0.6849356963171345,0.5637973929836714,0.46151445435151606
0.1334549356441399,-0.11116454186727917,0.98934297079353,-0.09403685858678211
0.1203448088262028,0.03282952803339651,0.994923394477144,-0.09512970730104198
0.0569311319917389,-0.39308988013776835,0.7655570042841493,0.5093160308931519
-0.295022871724945,-0.6350764810327579,0.49295638446219564,0.5947031749175458
0.2753339611870374,0.575001080139262,0.16300337345607296,0.8017503714253097
-0.1154712603786689,-0.8460207274983412,0.5286979324482766,0.06875627148191667
-0.0175834711044974,0.030774768287497554,0.9436064280841042,-0.3296358938513965
-0.0227269769831324,-0.38636981216801136,0.904272552632604,0.18168521899309836
0.1176239537086178,0.8847509534469568,0.2813515022881022,-0.37156033498602725
-0.0261044591382669,-0.3160337200344661,0.7044040406658721,-0.6355608824453948
0.0523752675136114,-0.745916261153853,0.29146553238740447,-0.598879599566043
-0.0235766153853587,0.3199244807053982,0.4926687381676015,-0.8092748859798657
0.0966505715355326,0.029147756143708983,0.9835726174188553,0.17814408375135282
0.0464728297744837,-0.379460901109725,0.834913973192044,0.3986578506660447
0.0206205515714223,0.27392143569389305,0.9559078013446852,-0.10586464185820589
-0.0705539889161514,0.008630654477963353,0.9874193546320809,0.15788771295210705
-0.2170593505010829,0.006673125249319452,0.9998526079231097,0.01581871767126603
0.1053892027517407,0.05736462398893158,0.9977524662719983,0.03463114151675148
0.0403630241229271,0.005417849141354682,0.06036298862908009,0.9981617887469181
0.1271181056420459,0.2118431723655967,0.97720275159416,0.014044664427549097
0.0192378757105476,0.89929208248469,0.22757353093408972,0.3734756195503806
-0.032434941335621,-0.9128235412213801,0.0887582475191314,-0.39859146514870575
0.0218466555373736,0.3319332744545953,0.47228372882684716,-0.8165588654807805
-0.0685440732640966,-0.057315861552185605,0.993878963013567,0.0944430987082032
0.0083470930295138,-0.09388127893996949,0.9565454154580338,-0.27605646819231205
-0.0264048029946347,0.8797496257537989,0.4626505323004253,0.10952205690263503
0.0570948928912993,0.5054094942734382,0.8536494315008505,0.12587251962419063
-0.019735709557748,-0.02802753251476299,0.998784185598355,-0.04055376702310912
-0.021005621734744,-0.14530886282874977,0.9864534812826473,0.0761240017915594
-0.0004388573337369,-0.1143027409105517,0.6193265585398817,-0.7767686253367098
-0.0123163353775194,0.06751120685216602,0.8215259345289445,-0.5661602033397511
-0.04054726503263,-0.12812669415881428,0.8836847440425806,-0.4502053124856842
0.2978656029776164,-0.6428966240772164,0.7217224074294719,0.25651646606860473
-0.0800942763255021,0.06676359901619525,0.9962377231252443,-0.05525414797672561
-0.023843415863133,-0.9173266396222933,0.38214228214815216,0.11170994778386223
0.0309393564183859,-0.2547675667719233,0.9428684668579255,-0.21469173511362427
-0.1117624182314488,-0.1573501413599459,0.9836266170564125,-0.08786131817906298
0.0242414553312864,-0.9974406898844411,0.04645323104618847,-0.05435225375474162
0.0519091338097594,0.581337601399337,0.7045884031585321,-0.4069419803040423
-0.0506588674206034,0.5497279364270092,0.34156310251741007,0.7623213514721882
0.088593190886669,-0.9416973399616276,0.314851968109659,-0.11863539980405956
-0.3016783514019442,0.12389857069938215,0.9107720428482873,-0.3938825080460008
-0.2354311030212919,0.4687886175314809,0.7879208904741178,0.3992717150355085
-0.032744594755406,-0.33908604608033405,0.8079373853546519,-0.4819313589090198
-0.221052489951559,0.9732686699903408,0.03620876661220959,-0.22679731311383694
-0.0017257414186386,-0.8170248732452291,0.12073345788417095,0.5638207061167128
-0.0531387101171329,0.6067147939817416,0.6911668647829006,-0.3926646454544496
0.1035638492423231,0.31403103871018534,0.949407319969933,-0.003201173864603874
-0.0734078084554139,-0.08308448192407769,0.9924211028830616,-0.09053907121113604
-0.0107004509444448,-0.06132920777274514,0.9914746500809618,-0.11496410970734251
-0.0025543497770584,0.535523903505987,0.3137215050505498,-0.7840873459267967
-0.033393414366751,-0.2626296420494949,0.8748397492015151,-0.4070394137353094
0.0690843005383328,0.9413725364206363,0.038370153899783294,-0.33517977111198816
-0.4017105358344435,0.5795600974843365,0.731491502599947,0.35920784377295856
-0.1600552817245966,0.45000479974350444,0.8496260109886411,-0.27501149368587857
-0.2086801255606093,0.37784682843522127,0.786174300698327,-0.48904165790139087
0.0118684895998216,0.07065551340135236,0.9963976311449128,-0.0468994570842542
0.0086981478760647,-0.5690803383360544,0.8059341616421399,0.1631493046798024
0.0764903747783069,0.1110875661492029,0.008726374369650517,0.9937723094539348
0.0875981218192682,0.05923976088987404,0.9444974418751828,0.32313346007639976
0.183137032325645,0.5053417663481149,0.8392970005264203,-0.20052492137268438
-0.1605763105488901,-0.4073956960211629,0.2009536021041217,0.8908683385690674
0.0999772413396448,0.7236732235780754,0.3677254330898698,-0.5840163279695051
0.0318948439349812,-0.023071903222516933,0.9992594734865223,-0.03079272526310313
0.1189109416446606,-0.8786809924956023,0.3377020997434484,0.33745667167180077
0.0632162693688311,-0.07866640749812015,0.09984184201840848,0.9918887049027783
0.0480467704973898,-0.17548331602653916,0.9521041994481184,0.2504060685957657
-0.1561058053819528,-0.7613746769416683,0.6480217731549952,0.019400588368044057
-0.3086921424813116,0.3258629464022072,0.907052877754587,-0.26658660341283935
0.1174711995156732,0.42353600227278837,0.7843922397805708,0.45315126497760544
0.0237581433230483,-0.04024686918184387,0.9990008125665804,0.019431057932383557
-0.0455128521217456,-0.5984050042343656,0.7327407080193116,0.32404090130510815
0.1697334645041241,-0.3835521482135048,0.5552783336922374,0.7379388333275176
-0.0199878614635648,0.5605132026101072,0.5870465933475356,0.5841243420187299
0.0019658328237323,0.045492738434807035,0.9920463153549589,-0.1173648965421584
-0.0211273091217379,-0.08897059663034655,0.9892075847679713,0.11641557959636263
-0.0039329375009538,-0.9667510871066932,0.17034146197714278,-0.1907252524169686
-0.0602021559443177,-0.07373886257748322,0.595587759613162,0.7998986190416592
-0.1669983708047338,-0.7159371915351037,0.10617232035195209,-0.6900444740507027
0.1112018439093887,-0.33714296959924683,0.8298747089577533,-0.44457011312287464
0.0091909625817396,-0.0909338131234824,0.9179561700370691,-0.38611852004494573
-0.0018370024754638,0.19887889017912205,0.8910015862689936,-0.4081217469178259
-0.0885455964227709,0.05355765019360927,0.9971757326214055,0.05265108143905839
0.0580642136427526,0.5210295023649861,0.7607244398316965,0.38707439118087705
-0.0123755454707326,0.663028118099648,0.7458503911640612,0.06403833703068915
0.127324223679159,-0.22489567067651478,0.9731840123111775,-0.048319928527250686
0.0996280294495748,-0.1418761841792289,0.9877374618716352,0.06516022389557434
-0.0563489560102292,-0.23699177322201725,0.9478182247186921,-0.2132498823357021
0.0502273685260368,0.7035789734331124,0.7027343796542217,0.1055510293403343
-0.0520697319496422,-0.05749700611417018,0.998002748253204,-0.026165029466044615
-0.0825996805612161,0.1342593072785932,0.9908357738249164,0.014795530333567442
0.0447474665186127,0.256892991968254,0.665302298469043,0.7009841954918862
-0.0086164020675772,0.48883871637984017,0.8722445893661072,-0.015036146104011697
0.0077122365345703,-0.1912458121827887,0.981225155073605,-0.02494462614122441
-0.2035605565702514,-0.9061462816687567,0.42173847436354656,-0.03218035828567668
-0.0456353406276965,-0.0203306561227882,0.3544855133505805,0.9348404597824124
-0.0265806349354122,0.18496601100324128,0.974533558204436,0.1267750713151048
0.047557539028698,-0.7863926092186372,0.3350084866253938,0.5189951618804043
-0.0061365858446442,0.68787900893999,0.03441078196781677,-0.72500921866146
0.0292778722493099,0.5492511472801901,0.7351951722287308,0.39725462356398317
-0.1237082375995918,-0.5585811206510497,0.8231540128015455,0.10200295515783099
0.1761562591415144,0.32320346092075414,0.9421931002175995,-0.08838373578433438
-0.2828894038686332,0.20834261393197115,0.9780495523477954,0.0035253896622404572
-0.12529432382832,0.12604282515819118,0.8550310185868717,0.5030260067635056
-0.0429772767935682,0.937514685276567,0.2302696963166642,-0.2608487719906131
0.1409483380847275,-0.9850748274904506,0.08547174556520969,-0.14940604055624723
0.0889598044575136,-0.6130434226573009,0.041398038919839675,0.788963854881967
-0.0613881925374941,-0.4712093432274921,0.6284502537549729,-0.6188796598777713
0.0327671435623966,0.005921371827098685,0.9999469766105993,-0.008425041424634109
0.0339223932621356,-0.775515663585306,0.5050424343760098,0.37882396309288086
0.0397813621978706,0.43107587079597154,0.7745251207702488,-0.46290866368358935
-0.0464054298579183,0.496343922701761,0.6387661476003127,0.5878949898382225
-0.0838050338844773,-0.9818146824721057,0.084550520560872,0.16997393551684298
0.0696170544250193,-0.5117064738743098,0.5990017054659796,0.6159167487931856
0.0503902423091585,0.38262700434483243,0.74588692114754,0.5452057193455908
-0.0515056175334165,0.39363431944048566,0.9192625448134684,0.0028976303580357412
0.0554663204405172,0.45605297176703746,0.8472389152760877,-0.2724002705289625
0.010946123728255,0.9053244364336144,0.12432327592842031,-0.4061174557422821
-0.0864044185531632,-0.012820549547114896,0.9998888763422471,0.007607133254281903
0.0529508603411466,0.28529088235179706,0.7185682042525853,0.6342466777872376
0.0612536790048922,0.2940701194674495,0.9453087888009477,-0.1411171805702101
0.1278445082057723,0.9317761630131641,0.3601512576944146,-0.045653626598516225
-0.1297538659498303,0.3777640982613343,0.5306622922618266,-0.7587435783163009
0.09174992832453,-0.027049962203052835,0.9705813800747464,-0.23924900040964453
0.0118911681354496,0.023788991116342372,0.981732574279258,0.18877297608685373
0.0274869163046696,0.6873627085448083,0.5997381099260963,0.4096909889224055
0.0317711004789264,-0.15443595978488597,0.21893092511751114,-0.9634411161832942
0.0006268872590458,0.7565738212354807,0.6307793270939037,0.1723760236578889
0.0750886175031509,-0.9838297019260915,0.11898250952572359,-0.13387412010907446
0.0602838931987319,-0.1902933537932554,0.8525381341848224,0.48679273747949103
0.1708770125132012,0.23784414377008642,0.9587234406266164,0.15581889380732136
0.1046381846705362,0.7837572757120448,0.4773812255811963,0.39728037735461946
-0.0561083053062371,0.31857298768682124,0.9468297626008096,0.04499613505165611
0.3775011377404185,-0.0598273666605516,0.9944929679108561,-0.08604895684621017
-0.0133120604960738,-0.9779531375107926,0.14546400545964835,0.1498261791157747
-0.1304587664545443,-0.20943658101117976,0.9749353448988209,-0.07508256656085027
0.0381542110898005,-0.48602588920568185,0.8494497792073245,0.20546023368636104
0.0430154847084163,0.07262248536763047,0.9153854384764929,0.3959740820359675
0.037179109266707,0.1509639705364103,0.9851932304260501,0.08126609577533274
-0.0314620839307734,-0.09532804724770501,0.8988441215694372,0.42777541833070104
-0.2734355839739843,0.04810612887254996,0.9735430140295934,0.22338263182054366
0.0100309458787478,0.11800515571242001,0.9040501822942116,0.41081388866382096
-0.1037757435367547,0.4848629031832984,0.8526306074395674,0.19475372236210978
-0.0822642565852686,-0.878545885050516,0.24755686173773947,0.4085005851493572
-0.0006280952237291,0.8423532545883704,0.18176965287210028,-0.5073468121306529
-0.1082467832765753,-0.21743840032851236,0.9145962377536642,-0.3409314651794708
0.026173090668557,-0.7062556502240461,0.7025088202057577,-0.08766021936844619
0.0729787816223649,-0.23125879056207682,0.8608796477134315,-0.4532169501911458
-0.1274040828967805,-0.6691070187813906,0.5503954474496173,0.4993602395507831
0.0793988558605448,0.3926261215302607,0.9159100693600633,0.08338749029050554
-0.1703928646929458,0.16777112831336444,0.8269905752936201,0.5365998852776508
0.0429793407321091,-0.28100695779838736,0.8168368233838939,-0.5037982668023032
0.080617671671991,-0.5131023604295746,0.6827792379727059,0.520133136720792
0.2209595648030768,-0.7609455881729819,0.18232916290450346,0.6226699673138395
-0.0124929713186343,-0.7699723812777104,0.3904094479527468,0.5047008965900137
0.0340560371344591,-0.03440369188123685,0.748682817916808,0.6620350626221309
-0.0827414797314984,0.5161101797051133,0.8428599822293755,0.15237234906981137
-0.0606859084375333,-0.9898179399472119,0.12751896734258064,0.06324048328831285
0.0232777440139478,0.26829607272387923,0.9627880939646423,0.03250082277226357
0.0310780813882645,0.8867047650989764,0.43324440187430496,0.16141235329225823
0.0774233821128441,-0.02195634700723361,0.9923437425063878,0.12153935796487408
-0.0082169731377891,-0.7716268036718957,0.2657650374244111,0.5778936067632994
-0.1519080743225866,-0.6108555016864903,0.2042581911382109,0.7649406169189165
-0.0061353438979116,-0.6394812620069636,0.597136716659681,-0.4842431797752827
0.0849423930785742,0.06047962432015928,0.9954408619372594,-0.0737543587030517
-0.0638774882056448,-0.04829141920017573,0.8202753494936765,0.5699265653087771
-0.1652135958063495,-0.3749663438338928,0.17561532521493023,0.910252436712749
0.0613887154470944,-0.09785304878047366,0.9543839574475876,-0.2820922590413417
0.0804932350870605,-0.80659843516421,0.49469598534192594,0.32353492311839926
0.5150004046259129,0.21982856160782605,0.9578024731765195,0.18517512219079818
0.0420272125107008,0.2301335114055097,0.9354259476979457,-0.2683595783674774
0.0413964595571217,-0.1420164658777669,0.9774894519014414,-0.15603107011428452
-0.1789401321149191,-0.10312458757037232,0.9115669935970125,0.39800871299877943
0.0311556967992791,-0.5034336668256703,0.8205064739442615,-0.27078343620320483
0.0523915093360513,0.9549968390570771,0.15086496760422075,-0.2553836309178186
0.0011816037808703,-0.12153557846731643,0.9922294416646402,-0.02664279002827994
-0.1280905939837187,0.06307044509231714,0.7497880938606843,0.6586652664750271
-0.0245229065437999,0.7644150361336493,0.5205126317604007,0.3804421805092768
0.0510103939349209,-0.0005669205199853084,0.9999993347743783,0.001004515766324435
0.0230488703181262,0.4710766863363544,0.8458814100850918,0.25014275057018304
0.0434166808903875,0.5807679930756695,0.8136467737894163,0.02621956751995413
-0.0018180242159098,0.6905974717439727,0.7130193126248657,0.12115523861887591
0.0399580890677916,-0.06541905343212864,0.7529103117557062,0.6548636574890758
-0.0560097093688731,0.11869780113007929,0.8153857902060807,-0.5666187829015992
0.0051120245350725,0.3422809132021623,0.016004510114063106,0.9394613521127426
-0.0016247305066123,0.5034992120995732,0.5371372617799011,-0.6767363633075284
0.1302721486719946,-0.0909593209103835,0.9416948184835955,0.3239402271726531
0.0077164623033087,0.2160462954027693,0.9309873554986967,0.29425591267514517
0.0651302661896029,-0.009156023542167055,0.994073267859738,-0.10832592191879492
0.3163948151109579,-0.05995920805284491,0.9639332783288052,-0.2593020021132845
-0.0231740292949285,-0.803867138120633,0.5298194420944058,0.2703497420537251
-0.0517969673043988,0.12267487954235978,0.9290804008568697,0.3489419474252212
-0.0199892500247431,0.2146427608082028,0.9707052886359879,0.10798021970136937
-0.0645757753838301,-0.8939320447963968,0.1016679366912202,-0.4365193351216906
-0.0944905581827639,0.05606525088161329,0.9875651383225382,0.14687336454772046
-0.0598081297220983,0.7384713680998622,0.6731536353747514,-0.039041281721710376
0.0683689432548844,-0.5652179000150778,0.7805358376841979,-0.2670066133884573
0.0349254384984667,0.2831156745510206,0.9549645699764864,-0.08881545424724815
-0.0079812789553787,0.5140854330220054,0.36168836431289236,0.7777516921712493
0.0355082589539409,0.4652646316608902,0.7611505217665011,0.451861378898484
0.1413054260577943,-0.08052609708401616,0.9965721404559496,0.018960921798868966
0.0826099467530646,-0.9615650987506328,0.19981508464762918,-0.18832549697783005
0.026253949268432,-0.5955591184952742,0.7708315133086664,-0.22611526809882412
0.0509944550878811,-0.03015533363614293,0.7956449671717258,0.6050121834042651
0.0587831486027629,-0.5368619341213859,0.6198397585539747,0.5723442472910819
-0.1493944960507317,-0.9377384155717162,0.34511552595638945,0.03926751462585845
0.0967368701754285,-0.5601510860533127,0.42243872410043787,-0.7125842302308468
-0.113056522169299,-0.8404672000754385,0.4453399907770507,0.30868621318751693
-0.1393700015624046,-0.1859385073319961,0.7119878337042674,0.6771264255279466
0.0233540860576046,-0.3571688849732669,0.9250612210515812,0.12919800661585662
0.0694399516035037,-0.029278505076943552,0.9330202381837609,0.3586307352695491
-0.0049578168907517,-0.17472010798707738,0.9062252086521302,-0.3850048766813054
0.1218258407016684,0.6060316044162452,0.5229270520625049,0.599393854381149
0.0766052292958501,0.49577842061908256,0.5897430923146904,-0.6375004648747755
0.0502399328456101,-0.7471141162253249,0.20811233403526608,-0.6312762895588947
-0.0817727171949733,0.2860166472097021,0.8162494841029877,0.5019275418031245
0.0251290713568059,0.3038234651885577,0.9180101135700335,-0.2548504137409854
0.0688063971817405,0.038314869647853016,0.9992533912167444,0.004962953324780487
-0.0923905392612959,0.9846138941996287,0.17473392440094654,0.0018801628883246524
-0.0089948079001008,0.47321127749641917,0.47607817845953887,-0.7412291513728089
0.0557130603897429,-0.8581381505033012,0.23756441125170596,-0.4551505961299006
-0.0633445445116495,-0.26817608304729307,0.9630511483224918,0.02478052049778486
0.0523030718778776,0.8167537602907683,0.390325625941635,-0.42492258210662465
-0.0724779014135477,-0.2969757100975587,0.859522828771881,0.41596386193037793
0.0326292525007173,0.017281712448864978,0.9994463312161614,-0.02843190871872024
-0.0222182451250598,-0.12145262852256923,0.855426296816764,-0.5034829785993926
0.0312674248712382,-0.20731841279289606,0.8953691696247998,-0.3941232368212141
0.0072609286762617,-0.8567483703719125,0.21311157220246957,0.4696442139092781
-0.0373698721440552,-0.6866058119240507,0.6790738353706909,-0.25967515311838174
-0.0702486420585436,-0.2732725973798089,0.9412709577517347,-0.19832062831290337
0.0982618628739773,0.7088659954784239,0.5211749586564504,0.47527430282293853
0.0886826572517038,-0.26400929974130616,0.7137049489427807,0.6487868182266714
0.1050983124120751,-0.32693883392737966,0.7585555170310575,0.5636528421395127
-0.0446090542614256,-0.04109002865564844,0.9263113360657549,0.3745115728801369
-0.0301849971310966,0.7430600275673371,0.45808644754540817,0.487871501531762
0.0149273353235531,-0.973506802724954,0.050059519552209227,-0.22311106998631738
-0.0941664218493662,0.5147977138712327,0.801044119390564,0.30546952807563016
0.00466000866009,-0.6785878866505625,0.7003014212039577,0.22157707361286336
0.1455092847184582,-0.17033041474537267,0.6743016698401646,0.7185435323370707
-0.0825112869801709,-2.3266392342974455e-05,0.8550408545859299,-0.5185606391229839
-0.0843533975681114,-0.19265487115521876,0.969354653699824,-0.15243246363770546
0.0632361930310565,-0.2765451824783898,0.5593539323541663,0.7814383791495814
0.0848648702655788,0.8465932362078307,0.1504957081699524,0.510520258392923
-0.0080360302497174,0.04117010803928539,0.9990935246691298,-0.010823639325495276
-0.0233810500857584,-0.7085447656545717,0.193574639427582,0.6785964736380449
-0.0047645981063636,0.5781206132904814,0.5863852730468385,-0.5673877581005975
-0.0580919569825446,0.9633755556578315,0.2460647981445242,-0.10658167701372943
0.0268895071750163,-0.05939554014876601,0.8684425766949292,0.49221911867978907
0.1078050696373625,0.5809592699963368,0.7248986945982331,-0.3701461997307296
-0.0909886375444628,-0.8124226575018358,0.2856603041548683,-0.5082987470059345
-0.2819912372990705,-0.3290031463354482,0.8155082797775027,0.47613356877636126
-0.0408213194272356,-0.6341449231356929,0.4104185189057463,-0.65529905829357
0.039233762555146,-0.45175621301822505,0.1877396024609573,0.8721640703831096
0.0933086555822406,-0.6614329390507474,0.09672543686835475,-0.7437409878454437
0.0579049177023259,-0.9625966908209662,0.1964326325807924,-0.18660608692618963
-0.0058245917853819,-0.3737696384072565,0.8332955165861767,-0.40732645315801136
-0.0632608346179693,0.4148152418361698,0.8951964471371509,0.16294672802306331
0.2021342850715634,-0.0387922954751074,0.9884573954335777,0.14644840464969142
-0.0136947041989237,0.6271637589982414,0.7775827908175943,0.045062432507768035
-0.0154057776337068,0.7498013677568525,0.1516622372137577,0.6440469507056696
0.0468012519969277,0.28251050091580915,0.6422706428381182,0.7125140266834115
-0.0472614873773905,0.9272568991142094,0.07093118076046334,-0.3676457678812956
-0.0481536965039899,-0.12299717633758624,0.9658359136747023,0.2281067348175709
-0.0374338343845806,-0.08276695651287341,0.530762558614207,0.8434694643452699
-0.0117247440218456,-0.7977511502999212,0.6008031886574785,0.05127017353353534
-0.1002710314177094,0.28328599673559407,0.738312555531979,0.612081378901008
-0.0292832925360412,0.6278507185197422,0.6881525189569174,-0.36366136158175083
-0.0571186837460151,0.5899092018647615,0.8071342294888043,-0.023269489525862625
-0.0529423529786526,0.5444389979750026,0.8388000463824844,0.0008122023867519632
0.0445895903818258,-0.09316544497780974,0.7465607005544589,-0.6587619602327704
-0.0081958355289126,0.7842867899702108,0.5997140491632543,0.15886248869521155
0.020230854043192,0.5573408699392958,0.4555904223221922,0.6941242841045079
0.0556093263276132,0.12917213136614306,0.9874947224857793,0.09038104635963035
-0.0393068660462897,-0.35138099400805695,0.1643397325304926,0.9216961806157797
0.0477395621521847,-0.8401138788078479,0.5337505866248348,0.09653487407189935
-0.1057384998955117,-0.7852210178870452,0.46056592957939313,0.41389247103456983
-0.0008493197312765,0.3182684975556792,0.18427554807456709,-0.9299181070639868
0.1131134193013834,0.8443628510542678,0.5035686470368331,-0.18294806224992274
-0.0951811829898004,-0.11122176987672269,0.43722503521251327,-0.8924483102616677
0.2002547747572245,-0.0015012662450824817,0.9999984503646216,-0.0009194933478314111
-0.0116364908164631,0.17522386761006709,0.977460783690085,0.11775828025126094
0.0296369509976239,-0.2768148968935033,0.15270425573821997,-0.9487122446439044
0.0192559139091147,-0.0379963223959129,0.9992211787805078,0.010644968805889207
-0.1208276099594524,-0.7783760901994055,0.618175744286398,0.10949617062639624
-0.0845218503531735,-0.48578235737965125,0.8097169050984976,-0.3292021185478299
-0.1148532981875056,-0.8745333812126191,0.4591088506697921,-0.1562383703879632
-0.0373054969006463,-0.018959969520127094,0.9519622348704081,-0.30562791583285354
-0.0844695552441306,-0.04672290799532293,0.998120590616526,0.039651689191984876
-0.5251517367804148,-0.431552822797935,0.2956980748297417,0.8522469182561581
-0.0167170943680817,0.3562139124879249,0.7048507001180753,-0.6134306310359015
0.0013728206584819,-0.721609376820872,0.45678252200093705,0.52022075590912
-0.0324032831482568,0.8749740491698277,0.20619020113117187,0.43807078678775524
-0.118824794721073,-0.038136699013734655,0.885142831550785,-0.4637539864438844
-0.0866167189800069,-0.31389230280420877,0.6939590179392683,-0.6479911293073672
-0.0291560844801702,0.11957028312395515,0.9919868220913514,0.04080554117713585
-0.0310963193245556,-0.8616274089881187,0.3782491222678475,0.3384166213176064
0.0554591273289219,0.9628433672775898,0.1577645168975979,-0.21918715130595529
0.0838147440867805,-0.4271799500097335,0.895113549335402,-0.12762846119052118
-0.1303306035098596,-0.42455427392500417,0.8000440098690227,0.4238906117911881
-0.0821393705983659,-0.6302970216616699,0.6545588706312057,0.41746658472556697
-0.0629283414299559,-0.9905856267298356,0.10981733468989117,0.08173291330833153
0.1225623599700294,0.36361097989573654,0.9080625491204278,0.20786885813938774
-0.0274853642054253,0.6213561616924148,0.7610387842715273,0.18637727640832527
0.0407670960015761,-0.5593813859113016,0.26660814505704944,-0.7848646775624386
-0.0846612195117602,-0.1552466501372137,0.26407884755457034,-0.9519248078999851
-0.0512352255072937,0.5201862857778559,0.8406088930211985,0.150940110846369
-0.0481360483795961,0.4542587632371819,0.8002185136332705,0.3915345533420842
-0.0399642488571605,0.6058189451779166,0.369301592098385,-0.7046983324353155
-0.0239752621027308,0.3793559158467982,0.9243874647650514,-0.03996128247789142
-0.0438076196710673,0.7687479490508007,0.6352880542913736,0.07372705680324143
0.0069679538857083,0.5228383104669888,0.7044616722833636,-0.47997276317698634
-0.0526632896165408,0.28722858582613875,0.726764857218426,-0.6239491820626079
-0.1385072422961994,-0.07297809006206271,0.9569943621857866,0.2807774725926442
0.0965988702563599,-0.1199227299785487,0.7488563926671367,-0.6517918701518571
0.0513683656697311,0.8313768098330588,0.3250764864166141,-0.4507081961212097
0.3400090382187273,-0.7765909880163261,0.18537253876418483,-0.6021158187624265
-0.0123322148623517,0.9411030181330344,0.2268543548348453,-0.25072337536288786
-0.0647262715653422,-0.055884690704556844,0.9905703052641075,0.12508945468675164
0.2038052611275358,-0.4271903919411684,0.9030397072903062,0.045029502442165074
-0.2436185609729338,-0.6612454017547204,0.053042222526404746,-0.748292082871186
0.0372720467498341,-0.01436824276684081,0.9551156440313664,-0.2958845385050415
-0.006032184886325,-0.24296180080108082,0.8685977772300533,0.43186510016729374
0.0560091410683628,-0.8149722240440731,0.568702125406179,0.11134705472149613
-0.0654710073977567,0.6399265392399848,0.7186992379470216,-0.2719658613699642
0.0579644607766261,0.6361672881918234,0.6562847992726146,-0.4056863858676619
0.0555274042904826,0.9971674680288721,0.037943773454199,-0.0649408250713282
0.0750135144212001,0.15091121592778817,0.5548182091715417,0.8181702510351253
-0.0420841343026101,-0.015445959662909329,0.5910652269880544,-0.8064758643478747
0.1050486280300745,-0.8012282272376109,0.4951749733362684,-0.3359093235667941
-0.0412934607158021,-0.33012531728533145,0.4429801813410921,-0.8335381417945266
-0.0344511403576097,0.7788513653368849,0.43433292716825994,-0.45248807618579445
-0.0826370236873339,0.6432481384293657,0.26675642648932113,0.7176857538880111
0.0803947973100499,0.05875872076803232,0.9979675030060206,0.024663245480528635
-0.0070985018310652,0.8657228869333046,0.4737297310145961,0.1615674007734955
-0.013845775935693,0.02687874368602812,0.9994807466136143,-0.017769926464477566
-0.065919227393579,-0.5062622898325448,0.8474407891900324,-0.1598205328187946
-0.0344844959519113,-0.9677513340428089,0.24161287436023496,0.07127814813635933
-0.0326069842253674,0.033819834870182724,0.5537696000580958,0.831982841662525
0.0329788419915427,-0.7406671557227638,0.32569374794070294,-0.5876527435364264
0.0406929545525307,0.17700479060535984,0.9732358514408834,-0.146564939780602
0.061042590808719,-0.8889663258105437,0.45547072117555254,0.04780474585984634
-0.1131593448204893,-0.4628823017484473,0.8861411404475532,-0.022222824626251324
-0.0561310567993539,-0.8200978441261327,0.5155787814041923,0.24822982541475
-0.0676938627162047,-0.06452952508759269,0.9625786271117521,0.2632077639805182
0.1049893968148327,-0.04260912409208491,0.9968876523278798,-0.06632850955896352
-0.1583865126796405,0.29385003868539045,0.8118239306650238,-0.5045731466935048
-0.0034803387113673,-0.4607795339333063,0.042353711851546905,-0.8865034597792617
-0.0333275679386507,-0.6062698951369091,0.2256496227435174,-0.7625739714981028
0.0003958018691111,0.6760114725755333,0.7213168772615601,-0.15069987234198454
0.0453432746798099,-0.06365659983088238,0.9971965333048518,0.03933079280610278
0.0701771904775631,0.49335597292594574,0.7844157141395958,0.37588811019924734
0.0011265018907093,-0.4999776036073151,0.3948781658744971,-0.7707746947108991
0.0043289298327864,-0.6637248526828776,0.647382926655441,0.374652727477231
0.0409292097085425,-0.35553935993230723,0.7015801610544702,0.6175573181120186
0.0535492245315655,-0.9277198757559315,0.1975373021871938,-0.31672519061799365
0.0185041216364439,0.3274303797756554,0.8845194275183229,-0.3322871179306059
-0.0755967595416541,0.026526399541553485,0.9843554690573347,-0.1741857074052762
-0.052487264113478,-0.4979842377966827,0.1944123034500719,-0.8451127470185823
-0.0575281495149948,0.39042762565487116,0.8992904073000485,-0.19708635788306786
0.0155111906917376,0.23370330864194694,0.9586866329904308,-0.16218108168118117
0.0600697271386559,0.34949601962697785,0.4229264503370078,0.8360536764288746
-0.0482450093246304,-0.7286367864330099,0.091919477009102,0.6787040910462743
-0.0076285637647159,-0.14802569017130493,0.9714133054356012,-0.18559252428906772
0.0579620681843167,0.13709169605648583,0.7221437299129533,0.6780223449265989
0.0981673943531277,0.42555139388238356,0.6958758494621384,0.5785004868624638
-0.0203804803523457,-0.051581093751524865,0.15602998994977427,0.9864045990381785
0.0261579799279242,0.4012813880923094,0.19175810022437903,0.8956573443951913
0.0250149323998192,0.23002614955805667,0.25690586212156513,0.9386625317583897
-0.0270206404325379,0.845095606190459,0.22682843836783814,0.48410977675026207
0.0382837528164145,0.8810888901984372,0.4624693017758733,0.09901773822817003
0.077657143380265,0.0002718761440681006,0.9998422444942455,-0.01775984819956891
0.0588983684418462,0.12003199637989109,0.9671603246876928,-0.22403844802857936
0.003763133216854,0.6272189816863268,0.6161729267699022,0.47636884168486504
-0.1699108808624951,0.005985076287600423,0.9478713685244268,-0.3185969987201102
0.143579884201514,0.7912309902974596,0.056813006425174124,0.6088725665472493
-0.0526680946984662,0.07168982461185786,0.9675279874047356,0.24238432836234072
-0.0336319814168527,0.15100735231254345,0.9874407004101291,0.04645043294856393
0.2587786533935576,0.13767909867483885,0.6757927294781249,-0.7241192253852883
0.0989060904497861,0.3880862130205605,0.8856634109846877,-0.25493021340423416
0.0057944714896062,-0.9891417557509807,0.14006922350375545,0.04448819682705007
0.0492705834787381,0.366197225454525,0.6922355938759083,-0.621859690477423
-0.0515508612793316,0.9484676020445257,0.04712152080041533,0.3133508738608576
-0.0017915852396635,-0.15511290422439852,0.9416391619877388,-0.2987568836932493
-0.095079832325008,0.3343116171603936,0.8393421399034766,-0.4286496410984792
0.0071637031891019,0.3363660144983485,0.8228074161015304,0.4580893584212799
-0.0337951028112969,-0.22164695485049207,0.3671892952370015,0.9033518964771471
0.019313403682409,0.09142023372945822,0.6009801120273706,0.7940184165448685
0.1246835126921462,0.7545086463565193,0.6153355772190744,-0.22820786573148924
-0.1370081432500416,0.1908434766653721,0.8029831731284625,-0.564620926894159
-0.0076408100268148,0.0065560765526361505,0.9997241927912895,-0.022551190834197866
-0.5906730964065937,-0.3404629504746003,0.9392227118378973,-0.04410982795246467
-0.094935367660158,0.541136805437061,0.8064860960128879,-0.23822496665812196
-0.0089504265795901,-0.21478769527977562,0.5874211361090826,-0.7802580693646922
0.161583244231673,0.9732232498387285,0.22584932851735845,-0.04276197822367584
-0.0211225460194736,-0.7476440093659492,0.11150419604658586,-0.6546718640076209
0.0748030354970355,-0.8452885638785809,0.4339967833797418,-0.31166333726013357
0.1032710777013674,-0.18809200782671515,0.9820976251305674,0.010278682046565513
0.0264411427153207,-0.15882792921748382,0.9370540939143007,0.31097156458257547
-0.0199543361362504,-0.8618412009378025,0.49850888639926444,0.09337362875593767
0.0709525107801574,-0.887852406719871,0.10891771060528567,-0.4470514916631375
-0.0311598964644307,-0.3741617898197618,0.6186726391469813,0.6908307467171547
-0.1049631685542172,0.6414113085651671,0.609435207285089,-0.46602603078165117
0.005440303731305,-0.10455175118956217,0.992672618383296,-0.06058055822825524
-0.0126476219878268,-0.28383033814222625,0.9388376245576308,0.19499808682408848
-0.0726324190855749,-0.20864346104901413,0.0904001710495463,-0.9738047623808898
0.0168599071286241,0.38239343912627716,0.9200987663595214,-0.08481460874675471
-0.0102118804016691,0.39535460278875634,0.9180181830631744,0.03061623130192007
0.0108984135213811,0.2004241063812768,0.9772100785719872,-0.06993311031691136
-0.0219423333922354,0.761402139871353,0.5251737031201993,0.3800781011191534
-0.0484282894877375,-0.8095375832049976,0.3341908715416252,-0.48266485552281574
0.3258926285010546,0.3524751103364995,0.8835289946480486,-0.3084441800544809
-0.0625459588299649,-0.55398942961649,0.7525257128722297,-0.3560909481288993
0.0290233739626693,0.25868179701400573,0.5240202694810324,-0.8114718017692487
-0.0106991409989831,-0.7486742699526613,0.44120081837479913,-0.49480165256015174
-0.0607983028238629,-0.2560037227250741,0.8745230294372148,-0.4119120839874205
-0.0199512824368355,0.07616635591304184,0.9097572757933395,0.40809359878342777
0.0382924134341752,0.6101724697817654,0.07716575121516647,0.7885017463264234
0.0175367364343234,0.8522737271093669,0.3871740042562061,0.35174676190026805
0.0105157931006568,0.15397887909350655,0.836782203662894,-0.5254389102704312
0.0201231275902533,0.26757648207188045,0.9374731719906113,-0.22259128024228253
0.0597261945028066,-0.6128425888372473,0.6050237355520993,-0.5083013286681867
0.030084007897567,0.05540376159234066,0.7132759090202104,0.6986901321850851
-0.0885677684149921,0.6437936894568085,0.11724083139418781,-0.7561641838050716
0.0774868705668688,-0.3132366524382759,0.9482175439167205,0.05259552241212972
-0.1245260685612625,-0.8904114205804883,0.33159609316531014,-0.3117876410272542
0.0092857952437932,-0.033487894736788454,0.9777929838391667,-0.20688025923465206
-0.0681000450789968,-0.6449893581473606,0.7555371348590402,0.11468376400192122
0.0187632589438925,-0.8649899136093568,0.44466092054110856,0.23252766523063736
0.0090667226531913,-0.665428287917423,0.5607469542258905,0.49271497538198916
0.0731788615321595,0.10155666975876876,0.994743891376471,0.01307032504201822
-0.0198006504346631,0.016063992343943047,0.27942033351040624,-0.9600344917610549
0.0533350812973193,-0.09583540958857459,0.9673048663977194,-0.23481241388027232
0.0085085182862468,0.34582374590836423,0.787192574208463,0.5106209826054552
-0.0054954014216843,0.14398766590414244,0.8538703916079344,0.5001728765164998
-0.0780423366096248,0.13661581190422376,0.9869341642728141,-0.08542292039535819
-0.0091707802226626,0.9573054027763367,0.11895430988548857,-0.26346961489876397
0.0291516060577254,-0.1117415713218205,0.9013849826738577,-0.4183526434105321
-0.0686816527570721,0.05723657881194978,0.8551458950636126,0.5152178880840187
0.103002433774017,-0.43425420230103234,0.5218355249954244,-0.7342417671561894
-0.0777943198769322,0.6776688945612617,0.7072050376982694,0.2015586862387903
0.3180090919863534,-0.25298086329425323,0.963683598231694,0.08552546583392194
-0.0797852606294278,0.7449136658658624,0.340313869526144,0.5738380438890618
-0.0097083714985737,-0.5638041133688514,0.5621502013592247,-0.6050719567622901
-0.0733623841082675,-0.5023314252696137,0.83454274515731,-0.2262775854827422
0.0104180288167483,-0.009569129617555698,0.9888283472138366,-0.14875124034681048
0.1415092152127204,-0.8121275853968738,0.4655925514172742,-0.35167081354897284
0.0178627075947986,0.12696652456297475,0.9905505291230752,0.05185702357825166
0.0554444970901654,0.19935097824577916,0.1128570904922809,0.973407655917123
0.0237524615211066,0.2630861611082197,0.9627753391897396,-0.06204287293010965
0.0266686350254627,-0.1778716044081366,0.9839599259043953,0.013585159531350519
0.5104846262170045,0.8427080489950862,0.5155385469312389,0.15512301823688887
0.1411248670362502,0.7066512512934495,0.31774387298827633,-0.6322047454929552
-0.0144833293317711,-0.0019843225414602345,0.9999979912776408,-0.00028267425579377967
0.1066795676568964,-0.38668550740271557,0.6769159350115908,0.6263059438422154
0.0013616626824492,-0.16059538815951446,0.9712384916746476,-0.17579793397947088
-0.100504234655929,-0.006415561728108606,0.9999521796576434,0.007380986766072202
0.0446745430001603,0.11504615774688717,0.9396785560273959,0.3221313286998743
0.0125214129872192,-0.9071207726968056,0.1558530191516146,-0.39094979238167765
-0.0915385462813208,0.94069450006001,0.33758684626169255,-0.033600279581162094
0.0150442769030422,0.7287999085745925,0.6662395672649438,0.15803649031880598
-0.1437689027086942,0.14345350939387738,0.9635989795596287,0.22560606648364534
0.0262628531174993,0.41229443039656427,0.40369072134162753,0.8167295171393336
-0.0350541558342537,-0.7031057891951215,0.05163788371830962,-0.7092078525830068
-0.0254441804404574,-0.18173314538235563,0.900901680962817,-0.39414366049424965
0.0120815512056732,-0.6041929742440482,0.6298020363284529,-0.4881600607492025
-0.0958937980144373,-0.5429388947071178,0.02984167387845353,0.8392418192120464
0.0246800194196513,-0.7493080314315466,0.1506388690990706,-0.6448607641566771
0.0317451295446677,0.2763074222051177,0.48452496018713326,-0.8299938381638865
-0.0067769586067121,-0.8937743584526219,0.3399652566963816,-0.2925594305640607
-0.0015814253100738,-0.039150124133215454,0.5818846846045284,0.8123284321030763
0.0119322121958647,-0.5367806575515621,0.7871505738671252,0.3037441353164995
0.0094185838310725,0.3965028985898871,0.26798725697584724,0.878047994991378
0.0390276198471226,0.31977338310619774,0.8040778780122334,-0.5012023040132205
-0.1798105655882487,0.5060990408370389,0.7855274708884386,0.3561044135410884
0.0665965815090545,-0.32483477025723645,0.42840212837442815,-0.8431808752789571
0.0575945250728425,-0.06905973280323399,0.9974833799109062,0.016051794499700657
-0.1137407464250404,-0.6547792189376861,0.5116700348192667,0.556289447963382
0.0375891074248608,-0.43248356622671774,0.8386318706850416,0.33114128467336684
-0.1420563071709203,0.31671743231964405,0.9446436709131898,0.08566447961964721
0.107863084080509,-0.444492708969814,0.8893955394610181,-0.10677923983397089
-0.0969113866123253,0.6357260439532151,0.3273845507287366,-0.6990506083136886
0.1017290545251272,0.47852092358951925,0.877999296961363,0.011617238156540149
0.1303609919473625,0.20912033415998735,0.045587823242603825,-0.9768267175977613
-0.0590753785703588,0.13198803939003925,0.7928823041370573,0.5949090764514224
0.0069172321583126,0.7947260861743188,0.6001736337059406,-0.09056521052952268
0.1893335138593845,-0.4061128147303465,0.7715370379092766,0.48969682543996007
0.0354531927597187,-0.5774997015831902,0.33748199273822493,-0.7433707010965411
0.006154853524656,-0.1404491419836555,0.40151002823074594,0.9050214007117183
-0.0109474270750823,0.5337512324864656,0.7906654463769924,0.2999296146175803
-0.0654485797543335,0.4151237070248788,0.5400797651182555,0.7321107533534339
-0.0574053207263898,0.5743481876004864,0.6334530933562079,-0.5185184065368246
-0.0538542763001714,-0.8860800994758031,0.28902869523087404,0.36238718333584785
0.0028802486775817,-0.736804091704666,0.6680631596285004,-0.10397761871887129
-0.0238932201536788,-0.7546099726476561,0.5818858923656404,0.3032698426262431
0.0090392069000038,0.8170183538374731,0.5547978366546777,-0.15709987248879323
0.0686268000904585,-0.05482066795724847,0.9725088343317257,-0.2263211468499333
0.0298653783736824,0.5656897294767079,0.7579915145333203,0.32472140961145785
-0.0230720553560624,0.6936945685761773,0.5580828765528963,-0.45533652217492493
-0.0268049536615377,-0.8279974651223868,0.3543716710955785,-0.4345583004337035
0.0141221836324982,-0.11161349715595699,0.9320021908279132,0.3448395910341316
-0.1169341021761817,-0.029372893148864362,0.6813612571431549,0.7313576897882218
0.0019485540383904,0.08161940734294784,0.9945001027832133,-0.06563396917118486
0.0259223026770805,-0.4497118304114882,0.6935228957289625,-0.5628367993367734
0.0927670789139307,-0.0030011123737275773,0.9999121219196581,0.01291285261463191
0.1989628048567443,-0.8644789820474648,0.20350775595802617,-0.4596310290473302
-0.0666580611017225,0.10973876279552083,0.23602354485242014,-0.9655310923089976
-0.1062283396766303,-0.029297829423398595,0.7956332709982372,0.6050696945573485
-0.0295687863378338,-0.09757408065098544,0.518692495037615,0.8493747078744274
-0.0192045214489719,-0.9407070517033526,0.27302140346804626,-0.20131953736268204
-0.1213643762331216,0.6327097864792647,0.34290380791978303,0.6943308322460381
-0.0289782208713175,0.061195067148440516,0.8144318195561756,-0.5770233747874646
-0.0581640132227844,0.4690264730571625,0.48737612911380557,0.7365315175480286
-0.1785049310134061,0.4110508852816749,0.46776290056228553,0.7824544961636484
0.1241325525165561,0.7705610089906526,0.4087081674129885,-0.4890739875655054
-0.0421276267784168,0.22133482933557952,0.971184709024762,0.088380734775619
0.0033355960330193,0.12383100260986538,0.19844034914116504,0.9722588701705775
0.0886316516954857,0.35184118920153523,0.8847096800775837,-0.30577207125286826
-0.041079743526206,0.558933222489464,0.8089279514965452,0.1822888424592861
0.153168095461132,-0.43459103196453414,0.8982390823000422,0.06555292491398954
0.0891959809285085,-0.5001898800932325,0.16315619349088303,-0.850405868028839
-0.036995210499192,-0.5538280565995929,0.6385240021913651,-0.5343796238149802
-0.0253738877864135,0.01025497839068464,0.99979106329922,-0.01768234049049238
-0.0222818510515243,0.1266088288199965,0.3563450421764651,-0.9257366879307971
-0.0800092396141344,0.1831917553635495,0.20330355132132727,0.9618255802311342
0.0994941956850609,-0.7824962556690697,0.5719327628416283,-0.24615548877127977
-0.0351268774713703,-0.9466750379758824,0.3215715344783464,-0.019952961850395717
0.094625158601267,-0.683471086185377,0.6875601756005155,0.24521068344745733
0.0166645441740759,-0.12293924829205753,0.9920258304163916,-0.027761358325063663
-0.0002288712253756,-0.12806907310117194,0.4517143840349691,-0.8829226623951358
-0.0565473390025655,0.09729246328600902,0.9884474287518664,-0.1162147029491733
0.1113758338488891,-0.5775632667689166,0.6712482650697296,-0.46459276739968236
0.007300618264324,0.37374139569495735,0.3169747351814599,0.8716905336188002
-0.0253664439565578,0.6134708823436684,0.7888735106998187,-0.036497405834169126
-0.019860711658224,0.900238912287024,0.05233809583846311,0.4322390826016078
-0.0735484325591633,-0.07102325603177533,0.9974336285715302,0.009047303315108642
0.214683488881773,-0.2745814955756235,0.943350302512522,-0.18626650003955866
-0.0163149178848005,-0.5386079595948329,0.1800202550096698,0.8231003423929214
-0.0840801047284948,0.19959626167221353,0.9798558125708936,0.006627133430911604
0.0816000959511436,-0.7055378751955813,0.6159233588720209,-0.3505063803418023
-0.0001243617494105,-0.5213066201580381,0.32212705935781516,0.7902363984333356
0.0022983062835376,0.007655288428418083,0.9995618934960386,-0.028590516429258268
-0.0683616644068492,0.6342046395403692,0.5848183024464947,-0.505739091141935
0.0800499026539905,0.3018360045990468,0.061613612603798905,0.9513668004873794
0.0522771658811734,-0.05837197497699027,0.9980566114915773,0.02181084123174545
-0.0228782018809012,-0.7251849797869301,0.32993699575913554,-0.6043577780759224
-0.0278661077678892,-0.3090749049180899,0.9347568101854565,-0.17522102888005237
-0.0823873676583683,0.49021000261954284,0.3952292781315539,-0.7768448822251186
-0.0330079119427798,-0.0028910428600600487,0.92943645915601,0.36897087996577704
0.0851613413913841,-0.5301692738276331,0.7738488298714328,0.3465234906838128
0.0196365230953722,0.5070755111993509,0.7738138241394971,-0.37958739640894884
0.0376667907714879,0.0018496628104773972,0.9999539507179029,-0.009416750561914397
-0.1736641200423764,-0.6676399453131282,0.7289853164663886,-0.1511201899108204
-0.0953934099814575,0.49304602778177165,0.536394439532075,-0.6849719846298005
0.0383725159161053,-0.9465406736501191,0.24973121000451856,0.20419372144034634
-0.0156529349029593,0.5713582462187351,0.7235176336813398,0.3873912598781831
0.0005888699948139,-0.28103950515229925,0.811399436067759,-0.5124917089013962
0.0588048795589532,0.6317113699075725,0.6459343799940249,-0.42861348773834984
0.0502473517929284,0.5677629309457675,0.8085860844556548,-0.15438198816100382
-0.0482284420656524,0.6716461817585129,0.7311355336468461,-0.11971732526310552
-0.0099485826875235,-0.011806019106246434,0.9986442594633745,0.050697741110537924
0.0147412633791134,0.5119198105097895,0.8586623815799024,0.025239296090647362
-0.1146609765113844,0.11607656003906842,0.24161758118208668,-0.9634039530089206
0.0367840925767435,-0.1361430567547464,0.9621836119582163,0.2359401724516501
0.1106375010472827,-0.13620187932974548,0.6582339582035014,-0.7403898326792424
-0.0631487560512591,0.44642496141062243,0.5947485795186985,-0.6685647919162468
-0.02709011993732,0.17782709144575093,0.8981387736198583,-0.4021495603237203
-0.039317871304325,0.3687820542452517,0.9223268271480045,0.11538206268630834
-0.0470251081366426,-0.28522592673247715,0.892289655925164,0.3499504831380464
-0.0219423938108303,0.7499233096256217,0.3829788406603315,0.5393906166097276
-0.0410783653955746,-0.5280727050889455,0.8486409644747771,0.030785248989793863
0.039540535328669,-0.06416214364775776,0.4181189556523612,0.9061234784766938
-0.1086658605733084,-0.5795903158859725,0.261622080543395,-0.771770012829822
0.0246533554151833,-0.9540578867552465,0.11410095211599207,-0.27704606376257584
0.0157266444179652,-0.4679336395940403,0.7528456506105502,0.46288393285255885
0.1769671249409601,0.8720486991441971,0.4206448649419619,0.2501778645661365
0.1006536374916872,-0.2551361667736384,0.48181883531714936,-0.8383055208798758
-0.0352155570094109,-0.20242798152104172,0.4323540539795922,0.8786881610131826
0.0292308002470021,0.5064055210379894,0.16936784071357608,-0.8454986592504231
-0.0779673689194331,0.32879290879465756,0.8773848363246882,-0.3494153289623224
0.0493167364164473,0.6666954341008553,0.5967164851823447,-0.4465944854795016
-0.0572871093945902,-0.6568469301057843,0.4762734389315113,0.5845645574091529
-0.0742776204977363,-0.05418356976959566,0.9653835889753142,-0.25514440402282995
-0.0071136659100388,-0.4092118584300738,0.9036521953472387,-0.1263264214814981
-0.0398745869939489,0.505841072416808,0.3489493381446886,0.7888974387489146
-0.0245159422176254,0.2079389864077897,0.6585804825081775,0.7232102916793961
0.0080506870613064,0.10653543936794307,0.9801944659658222,0.16694013612267158
-0.0775782113085869,-0.039602302660177745,0.9940899020801652,-0.10107880196291949
0.0323466183330093,0.1869994123506929,0.8803678464972039,0.4358711674731092
-0.0491915038552987,0.35545980100380326,0.41144936201889254,0.8392602411437008
-0.0559958319034127,-0.9164949394554179,0.31599808147671493,-0.24532068493228426
0.0231345363974776,0.024795989946770125,0.9996925305932906,-5.620091107465018e-05
0.0860448951249348,0.810699296114588,0.5241384281688383,-0.2608554377351778
-0.0781124130882364,0.4723006132127163,0.6627893570329679,-0.5810700465199674
0.006639719856394,0.0427482160503958,0.9659289497978921,0.25525252979520074
-0.1178190197696024,0.5783395095335174,0.8135682779421289,0.06025005260420263
0.0108886335226339,-0.09222837717697177,0.4707481338322133,-0.87743382709854
0.0677978778661008,-0.7577548381926525,0.06035391922605475,0.649742264001413
-0.1321444693853128,0.20254622126441527,0.6722061317502652,-0.7121193331800869
-0.0487844432834302,0.1652789317708438,0.8393480144292531,-0.5178588469712178
0.0469616724760024,0.16387803277394744,0.9862842787057873,-0.01968024268005613
-0.0523188188824818,-0.9596457477686477,0.08215166982467687,0.26894449601092474
0.0999183955442242,0.954195143493736,0.26753367643385906,0.1339304300999277
0.0076219436578745,-0.0991798420076337,0.6680482233135093,-0.737478765977031
-0.0374082959081333,-0.32987266286057243,0.7146154867468261,0.6168538987465929
-0.0300886880694249,0.023241512785402214,0.998827027474825,-0.04247824465831
-0.1918019823361608,-0.8145899200964057,0.2404837448008357,0.5278359883182442
-0.063063747740967,0.8112594397152519,0.5304193677879707,-0.24599474739982763
-0.0167992164809595,-0.4973678038457734,0.31197223608971913,0.809505152304056
-0.0643289103003519,0.16757652187435115,0.16240344443421748,0.9723904722653329
-0.1183320735962442,0.049582663373719485,0.2798555411874604,-0.958760885497235
-0.0546427272772833,0.0202074293125947,0.7399071221580023,0.6724054657574101
-0.0166928611531695,-0.9753616503876086,0.1155198367856268,-0.187948977816275
-0.0252153229161451,-0.5610360007329894,0.7743653624494214,-0.2925694640937586
0.0536974622580892,-0.7384422431374793,0.6653006807763515,-0.10990021705443104
-0.0218100236286116,-0.6970535926564575,0.7168522522581524,-0.01546406793633755
-0.06950835699343,-0.31785254977341976,0.23364876120076544,0.918900436930946
0.1363466339677848,0.16521002256573702,0.45211812489233416,-0.8765243006258687
0.0141515844059966,-0.3803480753572936,0.8112927899733172,-0.44400377308004196
0.0432388129364805,-0.5491469428996337,0.7262683664737529,0.41348747860549895
-0.0312213146013519,0.6810229270408019,0.5632962256459991,0.4678729902631166
0.0156304564124768,0.8296657744686933,0.2511903302224445,0.498556035644944
-0.0044697051462371,0.0859110811201722,0.7203850228825995,0.6882330309911023
-0.0272743183704993,-0.029786332465791425,0.9994755067410136,-0.01270770722952642
-0.1509313851677187,0.38101696908675264,0.8989980761824555,0.21593639871079717
-0.0923617055290324,0.6279265906573931,0.774708435986762,0.07439782225527658
-0.0859348403864863,-0.5903763058923727,0.4742255433160116,0.6531201662079569
-0.0413534326635468,-0.4963682751244624,0.29879058111172335,-0.8150722201675656
-0.1146374077674269,-0.20141602647942444,0.9795051603166595,0.0011068831351966233
-0.0154578197603838,-0.23903608515165398,0.953543906344583,0.18334603532251395
-0.0094781335344015,0.5819922219682916,0.6582747841970455,-0.47745090015492064
-0.0137743476588737,-0.919005217729591,0.03699087741172218,0.3925061588995745
-0.0415450645289685,-0.7575900133983958,0.5570341470472976,-0.34025039400757223
-0.029459738565683,-0.26068381380875344,0.9648230208504996,0.03406593100209522
0.110189875087066,0.10410811213421611,0.8946038653606789,-0.43456348796186467
0.0007798297948884,0.2427084965809889,0.9296233807075082,0.27729579104151497
-0.0858986589696759,0.18986583273083826,0.4797924208539986,0.8565922007889664
0.0260232345773498,0.32927438911258633,0.8377647881401097,-0.4355783929754668
0.1533046287731179,-0.03298233600896939,0.9973892204712653,-0.06424101804231644
0.0398318306568896,-0.9503115352063839,0.2473239926914853,-0.18904715997027868
0.0175329730724724,0.31460422245599906,0.5069996513881923,-0.802480863762562
-0.0098381844368845,0.3733843703312921,0.42674603872428085,-0.8236940757498739
0.0996927347229871,0.4437603017819977,0.8753020385978002,0.19215393773973352
0.0257850769203233,-0.20248938198663713,0.9789467746424146,0.025715026733083082
0.0735850342243377,-0.795386896081992,0.6046835025768552,0.04144330165950658
-0.0071137883562973,-0.3189759373881361,0.6521232645768275,0.6877423930259214
-0.0206761324319873,0.10390230513627713,0.5180233261432304,0.8490324755619613
0.0301819080344961,0.3504276982063188,0.4417709716325146,-0.8258564263555046
-0.0801299364121792,0.516214625302037,0.7596368519770819,-0.3955683426951993
-0.0716098301883728,-0.026671438976658676,0.9915237844482603,0.12715824478308183
-0.0717929523907247,0.6282296127581359,0.7292294157170982,-0.27120474351799634
-0.077800441907408,0.45443982973643937,0.34060702858092584,-0.82308644335233
-0.0230856505617401,-0.11962789645901041,0.7889171907508683,0.602742758170142
-0.011030796456732,-0.07527257507966324,0.9954011313151354,0.0592505461360906
-0.0309157966679213,0.7871675450802474,0.510586256241977,0.3459319743954566
-0.004912777215769,-0.1209635492066344,0.6109917295951418,0.7823406714019612
0.0049285931753203,-0.0871497250573948,0.3291973024856467,-0.9402308554065827
0.0163681887383807,-0.5079645503714046,0.8299272525393827,0.23063558064272824
0.0011830265990793,0.48510748981289104,0.86654980486504,0.11731222875641341
0.0525527608199543,-0.5522183681114893,0.523853209943583,0.6485620158104297
-0.0162940212877331,-0.3829510340244704,0.7420947317793931,0.5501308159018722
-0.0018269494227209,0.9877919589328878,0.15515969961777967,0.013874922776312358
-0.1823255968524,0.035546462662615755,0.999352210707787,-0.00562209441705029
0.0675052413925886,-0.7175285768223528,0.5701130841943364,0.4001547359131343
0.0398805447213502,-0.102126769427076,0.9863140585389675,-0.12943995092234464
-0.0555086297459379,0.42284160251191844,0.08088326377626824,-0.9025867696936686
-0.0502338224077335,0.2956218173380911,0.9293088014534127,0.22134338177353755
-0.0258313161002271,-0.691478023988679,0.6255274098158226,-0.3613496947692356
0.0762770088094733,0.8391666861613228,0.5382350629469089,0.07811715465607344
0.0183894712748654,0.8930556593839192,0.23981639612716313,0.380709450094075
0.0833558230421114,-0.7061727198208866,0.4155022623821769,-0.5733044215214674
-0.0082167339699901,0.4262782311434598,0.7651120417848905,-0.48258722855972813
-0.028396093731755,-0.38732872467515683,0.1072146590907662,0.9156863414497168
0.0733607466826944,0.3433346882740827,0.9364822185110074,0.07157056825567501
0.065036023795304,0.4411352053097265,0.37686634740259056,0.8144762039690143
0.1534944111997696,-0.11695830439189864,0.9902405039632579,-0.07579247551284342
0.0377785959943674,-0.33231371299186624,0.2850989339244226,0.8990473814169736
-0.0321970618162786,0.11908970009949035,0.17100229458359045,-0.9780469613353748
0.1006070758578643,0.38637920339639625,0.3695309660943917,0.8450786805263234
-0.0379444129057229,-0.032385204064685404,0.9734769664405001,0.22648133337538012
-0.0743540002375882,0.3146393736823705,0.9438532666187127,-0.10071283742378999
0.0647432630408127,-0.5254874552224735,0.8498198002242126,0.04085635263564733
-0.0592828047492781,-0.773328965153611,0.5756011924545804,0.26579236049839733
-0.0232722699627348,-0.9733150755860195,0.0600401843036278,0.22147898298883212
-0.0087293706450443,-0.7977742795111985,0.5557047305889559,-0.233983869853125
-0.0833887629900086,0.0032573383095935754,0.9999835585790704,0.004719355747941916
-0.0467581175680901,0.6004478742193656,0.798693144390377,-0.0393904994796618
-0.013666668062909,0.6018311127604081,0.5701218452861262,0.559249848673302
-0.2044867234777569,0.5423115859148113,0.8200269776144418,-0.1829040725820121
-0.008540615533061,-0.19461884790289743,0.4381439598214464,0.8775838276272709
-0.0370350458214484,0.24848826565522972,0.9251897191798611,-0.2868406619633027
-0.0209570152562679,0.14774226226623235,0.8707276519281985,-0.469047524359805
0.042418892375368,0.03104112152762089,0.7817252054759358,-0.6228500235995126
0.0851836383261535,-0.03302799731239908,0.6075032523487325,0.7936302349200441
-0.0305022093360926,0.39990555458869403,0.6434913126068539,-0.6526825246692433
0.0232333310710309,0.0480440030502675,0.9525138005277533,-0.3006812823823281
-0.0342171229363028,-0.89195629389325,0.1384202183034704,-0.4304112137817019
-0.0735603792255235,0.33999234502315356,0.9132625152337858,-0.22440317197962287
0.0471865450776151,0.8433814495213519,0.1249021106001649,0.5225965875997353
-0.005865943992124,0.35890961139875277,0.7733025168293179,-0.5226730415001704
-0.0700337870292083,-0.4260067070940547,0.5020571547084114,0.7526333097312228
-0.0508728214813247,-0.21862095540589133,0.7137583640312558,-0.665397532030921
0.0233100016190495,-0.16876970384475323,0.9322172429385436,0.3201371565941928
-0.0731411722142814,0.49646103463457986,0.701305824598649,-0.5115628812507524
-0.0508027384772971,-0.9336886856366055,0.03476047699912934,0.35639465140905413
-0.0616719885951401,0.9935167211250209,0.11277474359638279,-0.01436600333278081
-0.0156785948743,-0.8111323496373372,0.4279451314821457,-0.3986568396660738
0.0601513841902528,0.785336768949688,0.5591077071478732,-0.2657907657228003
0.0195289915451817,-0.9770439258580624,0.21297125151166882,0.005330382108100618
-0.0244194026386027,0.18335384680251088,0.5853181365056693,0.7898000037606052
0.0634193792444804,-0.5100721784871102,0.8532111278183827,-0.10889051428061602
-0.0442059053815054,-0.8616097721753918,0.40294478682326307,-0.3086488283856336
0.1124808445676198,-0.4606354389241553,0.2705384617707845,0.8453543240025738
0.23271156947884,0.4513430495896825,0.8727469864699687,0.18601652935874713
-0.0540364218144397,0.9123895053732862,0.385434789501518,0.13778756666191147
0.062401651270564,-0.8701541515548324,0.4352069033996719,-0.23114217219096636
0.0261011090486514,-0.20550749853692654,0.9704279411604321,-0.12663443078491746
0.0092142987441077,-0.4015392329786059,0.8918584233016248,0.20821814802003358
-0.0077401319680931,0.004291289558215105,0.2266410227036714,0.973968906927609
0.0355480526421866,-0.018291132178318983,0.9997499781209234,0.012861404699663834
-0.0796316310212508,-0.3610134700592339,0.5251454082404503,-0.7706436106526552
-0.0280912971052876,-0.6886876515053107,0.037604598639602936,-0.7240823246187231
0.0279487907669526,0.611000447913156,0.7001617415152541,0.369394082746664
0.0500006833302694,0.413848981359281,0.6224667577896144,0.6642771681119041
0.0293211465247777,0.7799625257793491,0.16003303952604905,0.6050189126299707
-0.0045595280480643,0.17380165196356573,0.9839123471531523,-0.04134584494613865
-0.0052645328838862,0.9144616058899915,0.28123994134516533,-0.2909709036059549
-0.5062173683916152,0.9660585798945174,0.09574176258596123,-0.23992568663884611
-0.018973296102711,0.1331256840609084,0.9900075161246923,-0.046504518704448855
0.0217571831655863,-0.4732309706440404,0.47336986189632785,-0.7429491384149731
0.0182651875532121,0.913713724177188,0.2886870514087851,0.28598429432252936
0.0375415373849083,0.00649362940692595,0.9600763335785838,0.2796627727807715
-0.0199532241715588,0.25500605691481815,0.9312876140660867,0.2601447497526176
-0.0325408329085375,0.6330963006640125,0.4704036358084265,-0.6147434371376043
0.0975364147955549,0.9614067268132191,0.1594349974920557,0.2242266425137758
-0.0805047486623523,-0.21920687459564844,0.854896090944829,0.47021380224027703
-0.0134465206911393,-0.629163190932129,0.4839488468278555,-0.608232844254641
0.5797062511741451,-0.8257338994531592,0.09464903212178429,0.5560621260365511
0.045859482256408,0.7233685903361002,0.31573789847700656,0.6140419057201933
0.1268467922430044,0.4432272243545132,0.7589728774149073,0.4769798726775902
-0.0592793654228981,0.022655287749670017,0.9997426089181378,0.001205757245447967
-0.0233796112560075,-0.1500700060258114,0.9495304406323409,0.2754467926913753
-0.0258558127844218,0.43932142043692185,0.5481563066668812,0.7117031354480668
-0.0715656213515789,0.16854768240338236,0.9366727696041979,0.3069785032187919
0.0152437702074433,0.9398805723829232,0.0667286394959684,0.33492058510662764
0.0368950167441608,0.7696688456297537,0.6249812814764006,0.13041574242045478
0.0433062585821203,0.25820046683879977,0.14343061252570294,-0.9553848325751919
-0.1945646110534039,0.9117963074162967,0.15421211617231112,-0.3805865433875241
-0.0988003140373573,-0.1609537655669767,0.765191045286734,0.623359085570112
0.0351338016885345,0.2610840218705382,0.9040378479060487,0.33845339867890867
-0.0312420566631457,0.8134127070291397,0.5456883383617498,-0.20145472300127282
-0.0771788235689998,-0.16018999412370116,0.4065534935138703,-0.8994739699926374
0.0341324172882191,0.4548604660671412,0.8737310120854713,-0.17232549123470145
0.0970960630790731,-0.9703846970458586,0.22311653272489904,0.0925880800321306
0.1152217280175425,-0.44188978444007987,0.8821071959431747,-0.16315732675172567
-0.0629021157548069,0.047657977548144485,0.9958043379556109,0.07811810087814502
-0.0286900560793618,-0.05668156793008477,0.9887767697911163,0.13823060217778518
-0.0530949691924513,-0.05682749654820201,0.9818040220654293,-0.18119464090367063
-0.0289238978815016,-0.1887751931147657,0.971029722314235,0.14651008445435582
-0.0331721605604957,0.4416844234571334,0.7089856904560711,-0.5497764643960924
0.0512338377616973,-0.5206030094915631,0.31410571425553124,-0.7939207181956836
0.1017862041765298,0.4295946630135737,0.9028035814381566,-0.01985242687158417
-0.0224716358438499,-0.12154339642961264,0.15521425064837868,-0.9803753052683529
-0.0214401874592654,-0.8847744580347502,0.4579450700647405,-0.08637401931549818
0.0231868614301492,0.9209010123483268,0.3735825067880582,0.1112539261229791
-0.131785397049379,0.19519913766061406,0.9163814957336475,0.3494885562268322
-0.0163410597790934,0.3612019837006211,0.16500901826836634,-0.91777184030719
0.0064135082025114,-0.4712286638233135,0.881035474583197,0.04147335189317949
0.0665442080755857,0.04276864002297239,0.8480229670985399,-0.5282309066156335
-0.0016865515602397,-0.3298760123739541,0.855637241513222,0.39883170309781446
0.0031152159122954,0.34973048965422293,0.8329486914681246,0.42881821555031513
-0.0140025633040155,-0.04923705282676851,0.5072040017353898,0.8604183943015983
-0.0865577587160627,0.713860675247085,0.6992330758839951,0.03841929106039128
-0.0275865330020992,-0.9302445971441813,0.36693549353936383,-0.0018256683935804433
-0.1542880742044612,0.41717793435468814,0.005788384813661761,-0.9088063961531105
0.065285255023736,-0.9971515995339485,0.014295029255315728,0.07405632778822958
0.0230852872504504,0.042620225763183056,0.9990604870607738,0.00785235950430763
0.0297949690805738,0.15575288121074926,0.46942078110656377,-0.8691289721668779
-0.0385657763731691,0.15129855675701692,0.4196555854922014,0.8949848804803584
0.0961425485710581,-0.5280363544121457,0.7092466553504064,-0.46706186987742054
-0.0294268903546741,-0.7465124495394594,0.6642463252132549,0.03867792811517779
0.0011478357986437,0.35464258485704425,0.11365822282056881,0.928068125404156
-0.0606032965284451,0.8385316076427919,0.21591700762322305,-0.5002445290085921
0.0384227012991521,-0.7577314601564904,0.10381544472040856,0.6442556850557213
0.0771479620451918,0.539324549353643,0.65328740756149,-0.531361076468796
0.0011938180480273,0.7663304628980512,0.46185543858810246,-0.4465726989875782
-0.0800019982134266,0.07375555428637724,0.9758444101573811,-0.20563998973084555
-0.0641741814471417,0.6498776915525277,0.5058438627071536,-0.5672574129827339
-0.0601576478856822,-0.46184519899720466,0.521379746353658,-0.7175389691545871
0.0215091262315441,0.5996995887618506,0.79607739802431,-0.08137063102687321
-0.0157660705814799,-0.04016176877723201,0.8258863796857743,-0.5624044098139784
-0.0848046148833066,0.0840391878606727,0.017105107693679074,0.9963156277979917
0.0365019955093502,-0.47075005563146954,0.8815297748868611,0.03605053551458449
0.067284802831135,-0.688944907727547,0.27587407770242806,-0.6702599550682679
0.0178662848697974,-0.05548171365870684,0.13841375804247777,0.9888192003769201
0.2036466117014655,0.04498613468797687,0.9989137469068735,-0.012148000918091024
0.0570649031235471,-0.2941729100217647,0.3386941656846537,0.8937273416095667
-0.0642734166303906,0.8004826797624709,0.18418437904495466,0.5703539198744214
-0.0786856142376616,0.6064280803246894,0.5984918501776696,-0.5235002279508788
0.085298805659907,-0.20534175905071325,0.16405695533951395,-0.9648419960774341
-0.0385348568885268,-0.6212508572273198,0.5393358987199198,0.5684752947545713
-0.0778220508363229,0.330629635370698,0.7212592155973215,0.6086618011100875
-0.0823496705903887,-0.186364427821479,0.9310860972439656,0.31360321994803136
-0.0356848175411091,-0.42627377192517324,0.9013823207557696,0.07616155984240498
0.2521456133265465,0.4117766789205282,0.5948703159436709,0.6903399698020225
0.0475831326417945,0.5152018461189671,0.06492417499234676,-0.8546062890344133
0.0708583877795558,0.0989973040545435,0.3140180431703238,0.9442416016854018
0.1216392601225983,0.13899267992703168,0.7246335191066583,0.6749720719509823
-0.1236837061222893,0.5081621856756542,0.7025939134280788,-0.4981294870444424
0.068491139013376,-0.0022460117226877937,0.9995427833892386,-0.03015260529100649
-0.0613520078413089,-0.6042561673786196,0.6728124490679702,-0.4268464508041056
-0.0379211586556014,0.006219217076153341,0.010021535154090648,-0.9999304426669462
0.0011676137269412,-0.23164203166105504,0.971888389196241,-0.04212989572114801
0.0505098860526849,0.900469382230432,0.3032609533961646,-0.31174939584671757
0.0640256027253144,-0.4012571717054043,0.7671228209091724,-0.5005149945759203
0.0026388814244493,-0.6233207194342723,0.20533550900484077,-0.7545254200261673
-0.0271582227670761,-0.01465109388965755,0.7572122296622474,-0.653004582447753
-0.015523720567616,0.3503286974558888,0.841050750678902,0.4121934479359368
-0.0936120045046252,0.8750575067758196,0.2748592584914646,-0.39840525580972047
0.0230608300989845,-0.7462331249690829,0.6229911962381599,0.23455935839062939
-0.0232104882710689,-0.5996613698247732,0.22883982823852714,-0.7668367326567227
-0.0024119722140267,0.6298445080364177,0.014481089169861542,-0.7765862436026133
-0.0453104816832514,-0.04292774373684232,0.9989577760127469,0.015510337241032882
0.043557635546323,0.6485927988347785,0.4693576158888055,-0.5991917970957589
-0.036545011574021,-0.37894568638923865,0.1125341094179908,-0.9185511640537442
0.0006878461312485,-0.7323390829181694,0.5717501658906811,0.36983944548216247
-0.0448184311358149,0.5377200161626317,0.7935339989822174,0.28488765623899764
-0.2383925596316029,0.8452113600978449,0.4849007055852081,-0.22469771357207535
-0.0567945909436553,0.7938651144605426,0.46931361121587406,0.3866819292002989
0.0012963558616858,-0.8355992089355647,0.4952879183465104,-0.2376212111033835
0.0331186528570607,-0.8920967244708262,0.42347607853795627,0.1575799641278588
0.2103135304847815,-0.1388029506456957,0.9865241713202378,-0.08662447860141223
5.6474312832919625e-05,0.7062160088439535,0.1420004891290865,0.693609984025329
0.0232620003373007,0.17739801727483773,0.8447447660090557,0.5049120950890978
0.0109869326960832,0.3219678108510231,0.8715736560280276,-0.36972434446995395
0.0520693629388265,-0.14006939506926028,0.9616505074354735,-0.23581532205102335
0.0609509063009442,0.7748499254566106,0.5665823197339422,-0.28034276873996583
-0.0661443774526509,-0.020227472760189307,0.9987605818258226,0.04547691212780493
0.0146060373451995,-0.31702798498273405,0.9403239896494726,0.12362868286722903
-0.0413476624818664,0.08213920773538001,0.7510866102301454,-0.6550740832040248
0.1583999033796316,-0.19484940156699734,0.9730130364473697,0.12360963397912225
0.1380711412692688,-0.09926932085609586,0.9352418334386711,0.33980629029351794
-0.1118304868566298,0.028843897838664603,0.9995181582962135,0.011466507472557449
-0.0791704990792017,0.9330362548651648,0.21247276087611264,0.29034233758249833
0.0156120753600545,0.1383566268955461,0.9217339726219522,-0.36230363993291714
0.0084814084157513,0.015460433864294307,0.0020114535428415754,0.9998784571333522
-0.0166263399349417,-0.02864418352191092,0.9910234444044808,-0.13058347288628114
0.0911216337541798,0.12602031650865458,0.8484002516688223,0.514136064476455
0.0430963466314891,0.36873919191287685,0.8601343193216247,0.35242071600937985
0.0222372309200843,-0.3699910740649214,0.08239403189846047,-0.9253744261755895
0.0176861717995772,-0.38984263024775334,0.7552804752267612,0.5268530415426593
0.0809515203127065,0.6089455530952484,0.7914157837810749,0.05335138749562955
0.0016356179372329,0.6323912493789381,0.7130324177591467,0.30276406479879914
-0.0832796960548973,0.12103390198303741,0.9926452538375662,0.0024888962441847805
-0.0036561197906861,-0.08676841836909771,0.9449655904268435,0.3154540766624713
-0.0357213583115917,-0.4092871765236218,0.8199916650077089,-0.40012207693553603
0.035736199071767,-0.09859784572129854,0.9951272078598509,-0.0005522645890107993
0.0215740485239221,-0.9569043134691868,0.1837893101920364,0.22484577897572336
-0.0185364906453641,-0.031885457803905864,0.9877513586513379,0.15274348124575196
0.1698320256093148,-0.3038466460736932,0.8954220046435003,-0.3254176535930143
0.0996107462862451,0.02772963511659323,0.840936637964294,-0.5404226478096661
0.0117906202365014,0.620366867892718,0.7804626165199271,-0.07760833354639318
0.1034084192720548,-0.13159467986319814,0.6958816888466712,0.705996823901926
-0.0285544040395063,-0.43798161930980023,0.13850773074216835,-0.8882498013911515
-0.0673389481423897,0.5602537106331492,0.6254310746790266,-0.5430946055224867
-0.0654505485000282,-0.8658552074990952,0.4319951095062129,0.25233902791564755
-0.0773998230780173,0.2124482611726913,0.8622480519171959,-0.4597760686352657
0.0319563601551499,0.06517640840979909,0.23304347475805828,-0.9702797404148401
0.1438502302582433,-0.6069562325984296,0.4359246410891396,0.664510224903444
-0.1326053395819736,0.6030376739212084,0.6573351680875077,-0.4519469444824982
0.0067887331656019,-0.035246102730283745,0.894468861128633,-0.44573890195222204
-0.0358581447554418,0.7710922095077762,0.5938852053130931,-0.22960219368865095
-0.0853754859939691,0.22404109599858005,0.8034768029028996,-0.5515710421157823
-0.0239314001563448,0.3067958907812313,0.8532697873973581,0.4216716154955393
0.1001554369904088,-0.9136531114918263,0.30810211447163216,-0.2651623633161646
-0.044305728417255,-0.9183930398379622,0.33413395697938225,0.2119167835979199
0.1327620813287371,0.029492544298541156,0.6215377327329076,-0.7828288680293
0.0348796035750429,-0.5897293976195362,0.5667981636354704,-0.5752904303764816
-0.0204559240628749,0.11123568094252746,0.9477800115659496,-0.29889742883019355
-0.0656917763367481,0.8144203866783271,0.16973113714073232,0.5548970849154267
0.0034204574732794,-0.3927011262803009,0.8347189692431713,-0.3860441267572928
0.1032567761244672,-0.1787693295890535,0.9837966119836838,0.013629124979448575
-0.0447791624515782,0.22715482998211314,0.9362393621845274,0.26806070191676096
0.1366405426403688,0.020683691188220384,0.13178000643826332,-0.9910631739813369
0.0144162793467509,0.17273170355509,0.9845381100859102,-0.0291284804859543
-0.0209950384947154,0.2667354219330944,0.7099534880209029,0.6517808370404333
0.0377341415127929,-0.8585596427078319,0.2707180521798507,-0.4354159805718523
0.0512050382329291,-0.2358645617470603,0.26324235939792306,0.9354524941067194
0.0527434214539661,0.11821595946541541,0.9133924769944133,-0.3895371226182191
0.0568804677971419,-0.4923866734836492,0.0428232108085368,-0.8693224582350062
0.1617070222817469,0.8024576511041109,0.46276933883287297,0.37670446933990387
0.0380885087909872,0.6572286399307307,0.013220901865141485,0.7535752932578631
0.0211338077157685,-0.2676785299828212,0.45073194851361875,0.851580245881357
-0.0092109841219783,0.5356789407958659,0.5192249194290315,-0.6659230852221111
0.0345240651790895,0.8385025010106573,0.41027001022374004,-0.358597371030359
0.0243701855733729,-0.025517278318240275,0.9627509268564607,0.2691830628851958
0.0196560058466442,0.8314702414661741,0.3496923599990202,-0.43170880337850165
0.0103173366378999,-0.48835010630617826,0.10955885367570993,-0.8657430515181792
0.0410847070088774,0.8379067418207118,0.5229296682715786,-0.15638687301936768
0.1124610694270231,0.29276911415384355,0.40536774083265625,0.8660041804112739
-0.0140691063738476,0.17386431679704936,0.7987602548296765,0.5759802554334008
0.0535869196880702,0.12767553694670253,0.99077828833809,0.04535791687473959
0.162552927469247,0.7943277920674972,0.009858016718304765,0.6074093992156827
0.0691917680657458,-0.7427500286129125,0.4241302274846535,0.5181080438763076
0.0078157946549854,0.9472946323163225,0.3062131929943302,0.09416135099339033
0.0092690639371688,0.09909352312026704,0.9950284197938045,-0.009945726632949747
0.0706791995455412,0.8725511665539001,0.48727855884297683,-0.03484347625222929
-0.000642679823569,0.4429285313556899,0.8958866500512536,0.03466159792961566
0.020038867438996,0.11314276346271299,0.9841109680042234,-0.1368368288503176
-0.0136161404211013,0.21368681907868234,0.9021986509912825,-0.3746672356926136
-0.135172890188301,0.1268299041308512,0.9593235165908649,0.2522153166124048
-0.0942637409345368,-0.06612812092070847,0.9937197546639713,0.090266941978073
0.0395437240060118,-0.22359793190342023,0.3941000587039955,0.891453368706418
0.0057782471372038,-0.22569551891489467,0.9439215907018227,-0.2409845707689129
0.0865637040823815,-0.8945456585901534,0.3567641993583365,-0.2692719271549003
-0.0524511150963849,-0.04405314552510818,0.9759801264899322,0.21335911760700482
-0.0009736688658214,0.20023316767053842,0.8765752130385788,-0.4376329220373991
0.0307483915238317,-0.43910192987375607,0.7767016196561997,0.45157954914342513
0.0415302299546304,-0.21718461092077018,0.9758024230341454,-0.025307626911354776
0.1040645600375645,0.678957466528767,0.6999360186711036,0.2215994774625673
0.0424997904666673,-0.13828399966711577,0.9262886091714807,0.35052381938354643
0.0422850713714305,-0.521650572503936,0.8138714771940333,0.2559177579151513
-0.001004798682299,0.42765844305617867,0.9026484342100436,0.048312113397384754
-0.0451283041081675,-0.9773133935093374,0.10179871679115052,0.18572978255233594
-0.0221277709974938,0.346865353914406,0.9196986908298161,0.1839531036426302
0.0967741244442706,0.19279895797002758,0.9758396878807427,0.10278844955775002
0.0121109998860003,-0.36615427859420296,0.36904301539554935,0.854247210738741
0.0045997623016228,0.7834961842500838,0.3050299172852278,-0.5413783139603265
-0.0945660989148099,-0.0511001518554294,0.9985168079679531,0.018787194730508886
0.123277466651122,0.5709486033112622,0.7564177602398997,-0.3191392554521812
-0.0129940139906628,-0.14425607002510557,0.9759004501224471,0.16373300739837723
-0.1345562173659128,-0.005813796135248458,0.9989495314349863,0.04545364034176959
-0.0127891683007435,0.5118520108432268,0.7199941551605409,-0.4686319830425621
-0.0548658192512306,-0.681922212470301,0.7151749826853149,-0.15331940607982114
-0.0969040351356591,-0.8470327245665081,0.4900453772069425,-0.20589097064112166
-0.0216189244057391,-0.20015913248086353,0.9460617242223774,0.25476172327469115
-0.0042338024733149,0.610401725905794,0.03381474140149815,0.7913698858783911
-0.1336216871873667,-0.6311337711780673,0.19191850274811767,-0.7515566852749509
0.0701710190089362,0.4543672580472344,0.4301879295787911,0.7800568825793097
0.0566926285794008,0.23303757146011939,0.6181895034176191,0.7506898348534149
0.0463967424090549,0.2786924998210767,0.9601546393692149,-0.020822080617749504
-0.0592764689891935,0.8674716694647854,0.36200360979021945,0.3412422734287598
0.0723141366753563,0.4318777980823356,0.8942526524467977,0.1174468437865406
-0.1046817119549661,-0.8918534726243316,0.2824659265706295,-0.35328513087096725
