-0.9946138553297276,-0.17142629667220027,0.16325788654788267,0.9715759812228653
-0.8334899789605505,-0.013635365237760388,-0.14652721033127503,0.9891126596335562
-0.9883121026123,-0.1368350023658188,0.37589201059147526,0.9165049800743281
-0.9849262491361276,-0.7677409600157564,-0.13411274339964638,0.6265681051345537
-0.9724131283839356,0.22313547396030428,-0.12581347174561305,0.9666341244689358
-0.9988778916680476,0.1498245586211725,0.8500738352624723,0.5049030364695005
-0.986407787145596,0.8841478070794432,-0.4640292053181702,0.054401763283915265
-0.9962787621174082,0.8669747901202433,0.271479309417469,0.4179158980634432
-0.8239023964639565,0.0037386394382504604,-0.33145245935770107,0.9434645143092995
-0.9999391473448224,-0.6594023690055315,-0.7115523280682713,0.2426557235478204
-0.9876659866323212,0.5019146297495042,0.8517412778679824,0.15039448134567535
-0.982597163189218,0.8074457946081919,0.49137672084533934,0.32646624171700683
-0.9980875765216763,-0.10826430254641269,0.6451562259539936,0.7563413811943244
-0.9867640088870964,-0.2786792058159209,-0.07890786250662114,0.9571371111185919
-0.9874831249318626,-0.08515866404181728,0.09240225767235978,0.9920734976379844
-0.9342746727008314,-0.003507095961341587,0.003587470416987021,0.9999874150877726
-0.9936095979834244,0.20937894622960018,0.0456341871232272,0.9767691527896366
-0.9997791134913984,0.6622144906910014,-0.7074182013631023,0.247045454722508
-0.9983575568458832,0.9794431556688079,-0.17164578965404853,0.10596616303124996
-0.9995891910818966,-0.08189181814103058,-0.8878234269791632,0.452839146528357
-0.9969853788948744,-0.7457337105604599,0.36545036589161856,0.5570702496125693
-0.9996378228151138,-0.7604871193531039,-0.5784992732208886,0.2949541187726009
-0.9842901893354972,0.6235110852181351,-0.7406579184347037,0.25031934497772096
-0.9548423441311996,-0.27214199218154694,0.10775818894051256,0.9562044283560496
-0.9852830899688096,0.2738564938962347,-0.3321090964026631,0.9026107515631908
-0.9818629926401377,-0.6445912799683112,-0.24977798634537762,0.7225738988685257
-0.9981955672824072,-0.12359066964158295,-0.6424153403464269,0.7563252454236402
-0.979477027988554,-0.20229880949326848,0.02497633547494759,0.9790052984248089
-0.9918975133528252,0.6006880045769543,-0.5458683791445744,0.5841246731712607
-0.9853309237772436,0.7233464072084218,0.43364909029983933,0.5373252661663974
-0.950461882296174,-0.846221436456027,0.23675275427868958,0.4773441251589389
-0.8542872743696399,0.8125491879749197,0.11439578999115299,0.5715570140883572
-0.9892724932147398,-0.05568886383200171,-0.3648309236735606,0.9294068794540943
-0.9989661227294812,0.5298916972239354,0.30196437280418365,0.7924848937172956
-0.9974009021777483,-0.02216662230156024,0.08693657687260592,0.9959672045089705
-0.9932941878192676,-0.18783288419371463,0.7538451566690899,0.629631866555391
-0.9988715542691472,0.4775938440449008,-0.5460712919837243,0.6882661289077366
-0.9958739173961544,0.01770698252753165,-0.8509728873538286,0.5249110474722911
-0.998965559951727,-0.02581141196141252,0.23130548196339892,0.9725387113252809
-0.997293190098154,0.03771128063289993,0.3662479288915053,0.9297528240859017
-0.707984157588125,0.4754444978539122,-0.8516244953288672,0.2206541375462822
-0.9841757164313674,0.34902832295039427,-0.5088262217096793,0.78694034454912
-0.95626042560592,-0.5726216316427976,0.2596954019779424,0.77760064632577
-0.999542181229279,0.3711821776344644,-0.07030553195475106,0.9258946609539859
-0.9978775337753528,0.1693588358871638,-0.27433361133418077,0.9466037472983568
-0.9991714476740652,-0.10479592215256855,0.11412073781993856,0.9879242237639614
-0.9999396751529784,0.029977773763196946,-0.6791950974437865,0.7333453161291261
-0.9786790014761478,0.6738007022095367,-0.7245899962451411,0.144782426569669
-0.9677585476454128,-0.6152242484742728,-0.7779522655485177,0.12762992054058053
-0.9947130239334367,0.49902681852443037,0.7915702224938687,0.35268798853149586
-0.9983248309398918,-0.9237119008778157,-0.35891904943004765,0.13391579493444192
-0.9584630268893426,0.9971502935105768,-0.06394484989880299,0.04002934327702496
-0.99542756505954,0.5157654411641353,0.7430136484558965,0.4265169725919738
-0.9962192892404452,-0.022728590909764475,-0.7447251951776157,0.6669841038757361
-0.9988729300890312,-0.038699006896837716,0.5056123113503982,0.8618924396211551
-0.9978428698160824,-0.2479481024751401,0.9391230129525118,0.23784386690006123
-0.9987086784381703,-0.2740723442880158,-0.06374907564719158,0.9595938752673445
-0.9990118329165154,-0.24968983254866164,0.7597694679423823,0.6003376908910272
-0.9994057958936352,-0.9402681727796994,-0.26189015496940804,0.2175070343405584
-0.9801084179199598,-0.6173110786711177,-0.2598627409986845,0.7425620431927233
-0.9933371757015428,-0.45592003350821236,0.19081128656604615,0.8693261620156618
-0.9799469459303352,-0.7103015723414283,0.49822921624719996,0.4972316607045407
-0.9631765554828956,0.8750809595700596,-0.18938778810086093,0.44538250966580084
-0.9768499548321344,-0.22051982424450486,0.4073863359729883,0.886232125561738
-0.9539679369538206,0.8115090415964628,-0.5391318898257741,0.22536610388450096
-0.9998800425389488,0.2289056395033726,0.5366049863350524,0.8121928938644503
-0.9959875358981248,0.6224177427294195,0.5130790348213972,0.5910550376761521
-0.990890012687859,-0.4937868640493917,0.5939016949816084,0.6351813202466207
-0.9578929852544464,0.16454651973424012,-0.014838080838034345,0.9862577118585149
-0.9951905038544618,-0.05705306519437335,0.0045325004797514366,0.9983608587035689
-0.983880948006806,-0.8565577010833645,-0.2854083200779252,0.4299430142996608
-0.9877631173165904,-0.013484606826808491,0.8746072144074116,0.4846445974992751
-0.9991935769887444,0.3233703194031433,-0.5943435550054864,0.7363337389747596
-0.993309011744177,0.28617912048225963,-0.1837809338938601,0.9403861331054925
-0.976592009334749,0.7160801623370484,0.4354269192427054,0.5455571455916903
-0.9996649080790032,0.010469738358523627,0.037872890815120026,0.9992277161488317
-0.9960265592836168,0.16218011434555166,0.5997922605215276,0.7835476084637997
-0.9969754364142094,-0.5050324553720943,-0.3300286413262465,0.797510698940889
-0.9885190428141276,0.4753179520152921,-0.4206011564868113,0.7727661429267882
-0.9947069217328915,0.7008073111700659,-0.7026853560278558,0.1228918346945313
-0.9973168147698184,-0.054801057326957045,-0.22683900813044275,0.9723892782760639
-0.982793464296472,0.6498011286640949,-0.11972718095713107,0.7506156775120852
-0.9967247149595324,-0.1280407487066714,0.1320507190683255,0.9829385404307703
-0.9636161332074468,0.49872475573557407,-0.42670890214139734,0.7544488921390072
-0.986421018052964,-0.748755207143735,-0.6551582225498981,0.10066450814661897
-0.9389602278725104,-0.2047069152831723,0.37805512131121116,0.9028673236337738
-0.9606217892653868,0.5855742000309474,-0.3673192662480119,0.7226198259812265
-0.9965824238532632,-0.7269709280868212,0.48702203831728835,0.48406900738413267
-0.9936702031723617,0.12312474576968564,-0.027840801803860823,0.9920005981520719
-0.9986263337735533,-0.38519731471198915,-0.9102240932089818,0.15203660375238504
-0.9914625238974566,0.9724932980562181,-0.21623439676617376,0.08659948551180148
-0.9432214382419958,-0.6406239767061904,-0.3741370543550237,0.6705388765967955
-0.9992815730578616,0.2026728504509033,-0.31973467948004086,0.9255773605852194
-0.994148032285518,0.9559819841525823,-0.19484718128764444,0.21939239257538465
-0.9986686063022844,-0.1214852317204887,-0.23440514975575316,0.9645183068463772
-0.9981053607089926,0.7855429124707147,-0.6009347318545923,0.14764748801749408
-0.9864868601484496,0.043759622477578655,-0.09285344006828126,0.9947177157908197
-0.9803487019392754,-0.31259384051056166,-0.02169605329883513,0.9496390746731684
-0.9976877255075352,-0.06721207789724673,-0.045115111315075354,0.9967181965409093
-0.9764543479958624,-0.6733162331278257,-0.2686032378809933,0.6888378262017859
-0.9911222317153594,0.1686141906292751,-0.9289066891795509,0.32969928346285465
-0.9969884402517208,0.012240850664888548,0.6023953728219436,0.7981039884486931
-0.9854477716099712,0.054222186742563044,-0.4454806160989339,0.8936481271423159
-0.9985910776693936,0.5831912134695328,0.6420122566749755,0.4977029945771263
-0.9905894514934982,0.6829668277680114,0.5625122420648411,0.46597885112490356
-0.9647996961888372,0.24872819201912985,-0.42875468457941746,0.8685065957988455
-0.9711224885220427,-0.7210695103264018,-0.47912417543865427,0.5004985372484847
-0.9440129607170816,0.038415730769145694,-0.6327539774797384,0.7733994023873069
-0.9122077908442688,0.6487395115869319,0.06946961361263271,0.7578331075444386
-0.9904469491025124,-0.4188754617200807,-0.852412231773934,0.31294845372835783
-0.9990633960524536,-0.4222423196831868,-0.2968617110772018,0.8564955037622074
-0.9994845836175226,0.021530882945301148,0.9956798364663294,0.09032211431304829
-0.9922748563607796,0.18565188943036462,-0.9237749030427999,0.33492283358887553
-0.940314887653268,0.01376343506656672,-0.004505281236486219,0.999895129649179
-0.9977348988446588,-0.43757152244772335,-0.2576314061285939,0.8614854736552353
-0.9865264512493404,0.10255940266272619,0.01656334759247404,0.9945889726123026
-0.9936423423626348,-0.3538720063822301,-0.04188875155896771,0.9343553583042407
-0.9818751621790204,-0.5170647692325355,0.23772766970932135,0.8222709890742106
-0.9907415317811076,-0.9755683282558885,0.17781944842520092,0.12902201620564038
-0.9963810266009308,-0.6539497889079742,-0.20766147968306256,0.7274794728671437
-0.9852701973412944,-0.09702729471352298,0.9654648015152364,0.2417921030880052
-0.9732172081336508,-0.5159484155479378,-0.7534726272516644,0.40752451763795394
-0.9966941293295134,0.34488686268920143,-0.7766589367532049,0.5271185330699171
-0.9973919125552674,0.004104786721433414,0.007409579126149816,0.9999641237880211
-0.9066319105021788,0.055283001465734234,0.008642011971224566,0.9984333254544486
-0.997260026828049,0.3240579061927551,-0.04523302040091715,0.9449552620623781
-0.999866067839983,0.948131073852801,-0.3178722847601114,0.0021627242360068018
-0.9952247983815152,0.31963747789828084,0.3636633792638978,0.87497475923891
-0.9653275009868264,0.5820841436370094,-0.7769766821271963,0.23976089163369216
-0.8608898562623886,-0.5802917398784804,0.4082013040885717,0.7047220671791082
-0.9988991218354336,-0.4676686369174535,0.5053578617274616,0.7251892702143482
-0.968795381115047,0.32353184923992867,-0.12553139979156636,0.9378534054924372
-0.9568935532139218,-0.5992208117585357,0.09422982967973956,0.79501896704039
-0.996512908874945,-0.08921894456198752,0.007328934040863564,0.9959850735111795
-0.9969664416027222,0.015594157635345175,-0.997573538147014,0.0678517371663547
-0.99811464826272,-0.6615543222485772,-0.5984117894548214,0.45193938637355363
-0.9968871051845092,-0.7240709045479358,0.6851747157194347,0.07910078461005333
-0.9122814287277846,0.3610853823845737,0.8846294418168981,0.2950391453670334
-0.9713568840046888,-0.7166798007691949,0.1880479888370574,0.6715713045267532
-0.987301681609172,-0.7481138322875027,-0.5706367002258463,0.33867307288218773
-0.9976911992642488,-0.48303533492955053,-0.02222788866958841,0.8753186769256036
-0.9889503069118566,0.1681253616634994,-0.542756836911696,0.8228905630465866
-0.9891151949381992,0.287203275309278,0.5723515221846642,0.7680677142703767
-0.994782081299914,-0.09413158853048643,-0.036371616641960466,0.9948951449995007
-0.8642967287253274,-0.49967969210405605,0.8617578773502282,0.08771297579962116
-0.9323811612300602,-0.411904084989739,0.09485823826410987,0.9062764144576395
-0.971863233332989,-0.011693021321947572,0.27586698891241623,0.9611246941374263
-0.9989226379759828,-0.25767991334482004,0.018049664426837943,0.9660617329512046
-0.999437808982763,0.5738177682565323,0.27772997785235126,0.7704539105197825
-0.9272283391375014,-0.7257447630222561,-0.26133705903919174,0.6363941235732109
-0.9248207683967088,0.5781324082138819,-0.7865184198425483,0.21714440775944086
-0.9597792708018926,0.01380007689441296,-0.0585089987100331,0.998191492123459
-0.999017705856184,0.9971185447396189,-0.07563731563240303,0.005796914719817008
-0.9978342504272948,0.09137260412648145,-0.738625481088321,0.667894786551139
-0.996862202065901,0.11028409297437845,-0.003097617084468997,0.9938952779871815
-0.9835598413146114,0.39491016673429374,-0.8649508647506585,0.30968687698541614
-0.9385778957321976,0.8935988796971129,0.4247175205685531,0.14524486196132894
-0.5726586456188869,0.6019075904138023,0.5895736787952447,0.5386187240285024
-0.999461918991628,-0.3162441760921566,0.5045882670591052,0.8033556509006967
-0.9691347782810136,-0.7088379116899327,-0.7004290518014301,0.08335441406191249
-0.9848118395295709,-0.1799027109490034,-0.903749852403192,0.3884214449208592
-0.9951751338907584,-0.017427591185403574,0.4024174663579049,0.9152903702298845
-0.9988396692204689,-0.5903019858506178,-0.7104841466841978,0.38308725221709505
-0.9202290778350716,-0.27440195137670953,-0.6390000812458588,0.7185975683568931
-0.9800373610779922,-0.3665567270919077,0.03652153812522348,0.9296786235450596
-0.98679621001517,-0.29602652283585745,0.6040560545340771,0.7399220099162045
-0.9872243775885352,-0.2749318429695763,0.9197676633216597,0.2800712895481548
-0.995282908364446,0.7576692053388476,0.25423353877013816,0.6010845889270593
-0.9020725685086828,-0.9880672924484106,-0.15391620155875066,0.00572961529188126
-0.9937380679123335,-0.44978817939519117,-0.22308908148769646,0.8648247541538894
-0.9977671675554112,-0.1416343232456432,-0.48312009845666637,0.864022389146236
-0.9970417739991324,0.20317190125819734,0.9032930886869542,0.3778660800727046
-0.9986385797089538,-0.03213845306107734,0.02716766888167026,0.9991141264151843
-0.9858665858183866,-0.19664571703387831,0.9764937188593822,0.08826369015855767
-0.9930828122637873,-0.559198133549064,-0.7234292213793281,0.4049044443936645
-0.9995952363461248,-0.4892297865490962,-0.36806134846434907,0.7906864484229704
-0.996380211801912,-0.10912419619016515,-0.31417551460169124,0.9430724552390515
-0.9963024048628404,-0.5119527887299081,0.650732647716137,0.5607596305976527
-0.998745125355918,-0.8597390801893431,-0.4326691267069963,0.27137822460504746
-0.986531915227108,-0.9712820953463402,0.22830249495608343,0.06700046310623846
-0.8886836191024542,-0.21565027269171175,0.38559434918315777,0.8971131242858993
-0.9926897878415638,-0.15102359434461074,0.15534543338928758,0.9762477504590363
-0.9995468586705332,-0.23123305352205753,-0.22136478187168837,0.9473800231722036
-0.9946442849900332,-0.26392385696312004,-0.9231173617547925,0.2796400081400767
-0.9942688820044666,0.39354688933639664,-0.8362327152347627,0.38188439594298973
-0.9988557593839902,0.23034467079362173,0.8817573138531763,0.4116374279671482
-0.984622951915358,0.6214419957628176,0.14840487264869115,0.769276179064744
-0.991794141860394,-0.19972284033506332,-0.2183530495397643,0.9552134488192574
-0.997611585558785,-0.03885632334574972,-0.4546367531404801,0.8898289772927901
-0.9443508501520604,-0.27931384981523144,0.00263566729493143,0.9601962437748363
-0.8559278514679033,0.5326443733999511,-0.657952339180596,0.5323426442171953
-0.98424388233364,0.13100507677118722,-0.7433188207721985,0.6559838416805734
-0.9996019606189396,0.8903941329316758,0.2181389992794086,0.3995167894272123
-0.9823255197056754,-0.9390984184259081,-0.3213540638869445,0.12176093845442958
-0.9902344439253488,0.9291616518108522,0.36064462873929043,0.08120391964448542
-0.9978521631624876,-0.07171208090335013,-0.006152217794238532,0.997406400455062
-0.9984986417834688,-0.43519405450960613,0.4950324627098767,0.7520299168137425
-0.9995155068689512,-0.39566633854975714,-0.03362412129989436,0.9177786045694457
-0.9943731934602184,0.4120081843329927,-0.04605254220603408,0.9100156149204212
-0.9973206164671364,-0.16887914604468401,-0.134438072500944,0.9764252345640444
-0.999749150374348,0.007863829898244395,-0.4295240740168106,0.9030211680903902
-0.997225032902526,0.665519618743429,-0.26103914659352234,0.6992440210779971
-0.9760531874037708,-0.00650778706508574,-0.6847991117558406,0.7287028374076274
-0.9878418257733784,-0.830867551041267,0.5200261567087108,0.19807046464694134
-0.9991651784961229,0.12802571407637928,0.49126569711869766,0.8615494364049653
-0.9398677001602044,-0.021813139207374512,-0.989507121141285,0.14282802305082182
-0.9900609885263522,0.24426419787463813,-0.06988162529549781,0.9671874482657017
-0.998943996798394,0.15437554415309118,0.984715027561159,0.08065051681584431
-0.9940740064897188,-0.6458219679758825,-0.061955157091159396,0.7609701335726442
-0.9970475754076152,0.31036734983812864,0.7468893461922563,0.5880717751252483
-0.984847995769407,0.3695103552670094,-0.8606541379239866,0.3503377687671825
-0.9967208651903252,-0.5460763769584636,0.3892776992383,0.7417974544332527
-0.985321865947784,-0.5228717963128874,-0.3783449563002149,0.7638456510727301
-0.9887498428996124,0.15863476682856853,0.2766773532150848,0.9477787995999599
-0.9956531633973724,0.8289807351618009,-0.26125910299052585,0.4945044204404909
-0.9994565576170996,-0.17581162527352462,0.7464773002485234,0.6417646863394382
-0.9994779371825182,-0.10685516791248945,-0.9702203209175607,0.21738100645875028
-0.9986796991429796,0.003149295510841345,0.09910689113670348,0.9950718095027127
-0.927606962084739,0.28274284500926206,-0.9426250310571245,0.17752333486227548
-0.9958061750422488,-0.28111331162504183,0.8989954985671094,0.33583090921366443
-0.9967958929020236,-0.3656545496472008,-0.13385211604767505,0.9210756545213116
-0.9994872536864388,-0.6174660469842979,0.7860421030666969,0.029554915463747188
-0.9918411339269364,-0.20730187501155942,-0.3789295656265169,0.9019081532566334
-0.953077234175424,-0.01649023462291246,0.04660189918538651,0.9987774202265469
-0.9969305982093688,-0.332777260893805,-0.32066474578685145,0.8868108115271658
-0.9845129909497576,-0.6679298331425613,-0.47206281424524804,0.5753489701085827
-0.9743159150356244,-0.46357757090783874,0.2764435571044358,0.8418282458355946
-0.4791721847325687,-0.6221561990124738,0.7816049934280738,0.044892073672886966
-0.9718894354321816,0.39171039781116174,0.14145632005845135,0.9091496432172992
-0.9990154574042568,-0.6021397691424738,0.2300659706586695,0.7645242622454388
-0.9621856664593031,0.9714927987384272,0.16521455540046834,0.17001733053781096
-0.9951610277771248,0.08723788331047076,0.2430452792327559,0.9660841288201459
-0.998407288448207,-0.3911217788580316,-0.1513471150332291,0.907809343901046
-0.9944193510630164,-0.09083781179389425,-0.8566740278279443,0.5077973040432013
-0.9925565982132726,0.11248942062041811,-0.25507472863303204,0.9603556700833643
-0.9979013866719368,0.4189559459329873,0.900286791465355,0.11815078704948354
-0.993101226202418,0.5269892894709087,-0.5205982175940206,0.6717587250053962
-0.999321877487944,0.002744646613412916,-0.029386984704494534,0.9995643411231442
-0.9495783365145252,0.035718225653576754,-0.08002259423345984,0.9961528962806399
-0.8693504109383916,0.11739000863757729,-0.4054103895086159,0.9065660494142398
-0.9629216264051343,-0.12385685255232375,0.886939564269595,0.4449693128847124
-0.975695796444936,0.8204600582569385,-0.17506637479789683,0.5442398894055299
-0.999859538835182,0.4779062209382812,0.6862291805882657,0.5483567777438775
-0.9994837829426476,-0.8732298319117148,-0.15404489561245072,0.46232005233948875
-0.9938209363014032,-0.2825583265075825,-0.03638578602349916,0.9585597877527966
-0.9911831561059192,-0.732516217251501,0.6803166834365021,0.024273477326295242
-0.9822802750828774,-0.42359881595749976,-0.4413812583484789,0.7910414830450534
-0.98486677164475,-0.5988679238833401,-0.5163013547404101,0.6122010460926012
-0.9948385022014932,-0.3425879338968342,0.062197472961134904,0.9374246539885471
-0.998079091314289,-0.4065536772574211,-0.7917665510915552,0.45587260948762004
-0.9884916447509,-0.536273752465072,-0.5383184344590879,0.6500951665245229
-0.9922292829500972,0.6058946124449479,0.6501487314593456,0.45847393120218954
-0.9976750419387456,0.16667968611952924,0.9279272667882544,0.33341996008933655
-0.9818584954008226,0.9692209448497391,-0.10487607692633644,0.22273699412787315
-0.8818692240998395,0.30693678147170866,0.9118038734186009,0.2727700654372186
-0.9898030321720817,0.16938075521717685,-0.13460669815255633,0.9763151113111613
-0.9995967957547126,0.2740066554139504,0.8243416074629472,0.49535973493438595
-0.994559707116348,0.3596789118040425,0.2086840854793597,0.9094405054048907
-0.9851987585234534,-0.10409588286475852,0.1322917941467811,0.9857296426363733
-0.9997657039586432,-0.7987737423617534,-0.07974136159232674,0.5963235898107679
-0.999714337998766,0.97169905868929,-0.01533741944773259,0.2357237851957927
-0.9980048269410378,-0.4918063161716527,0.17046616460832845,0.8538546914419306
-0.9999721076681316,-0.6613991766873111,0.3773507560334618,0.6481956001071912
-0.9976072176244136,-0.07222459651521074,-0.041408660763094185,0.996528439369405
-0.9828463516788768,-0.8119000103252979,-0.1563000630750998,0.5624843673529968
-0.989858221773498,-0.872354316056423,-0.20248297690296824,0.4449703263390071
-0.9958092478807224,0.736959174572401,-0.3681347021793771,0.5668933021873398
-0.998670338247312,-0.6847752710061815,-0.19984111453494413,0.7008183481900585
-0.9881574443017176,-0.3179807568459553,-0.9365584843064244,0.1474667547256887
-0.9981772012049114,0.12539755824526697,0.5887540565856906,0.7985262132453876
-0.9992677138399078,-0.2162135478220138,0.19452622475055256,0.9567712629581405
-0.9856978822197924,-0.9452592488432991,0.009682925863350438,0.3261766291795394
-0.991474730543014,-0.1980940095736069,-0.06866944611144066,0.9777746522291318
-0.9965153869537742,-0.840735589815414,-0.5286408883989472,0.11705758894877238
-0.9910629872155976,0.31384625330275756,-0.4396241193791581,0.8415647110875795
-0.9110204876828706,-0.3717733965534422,-0.8816012425383626,0.2907985398345947
-0.9837480666689172,-0.21983238328005267,0.037548627730523525,0.9748147638484793
-0.9906806507373064,-0.6284062812105073,0.4301429880225835,0.6481377597318215
-0.9999473960113195,-0.21328816709724954,-0.9763899488827352,0.034217327438966695
-0.9920428025975356,-0.798906537155964,-0.41324911618689764,0.43700516342511814
-0.9697844709841608,-0.1688854124928835,-0.5333634984484634,0.828855292539008
-0.9977415760310612,0.32067844544686536,-0.9250034856082341,0.20379864140469445
-0.9980138053584482,0.2203208149181583,0.2535302965701956,0.9419029287749493
-0.998729193497834,0.45980811345991496,0.1935033434719719,0.866679268738789
-0.999351182762404,-0.0885732687794712,-0.9485080165641929,0.30411727765975494
-0.9974005637925522,-0.15782250244670198,0.02142834457997199,0.9872349688752028
-0.981159781229956,0.99459936738721,-0.0887649254907742,0.05378555935917372
-0.984326431319566,0.9734392415969197,0.22852365936162275,0.013891725277550225
-0.958859742575415,0.9765456698890908,0.008633323717656629,0.21513721282579942
-0.992107333992978,0.9482571319193808,0.2644385406365999,0.17572896741862273
-0.993555402215389,-0.006330385573866135,0.0447370801836889,0.9989787384499854
-0.9900139315814798,0.07595622454198979,0.9263922598965032,0.368819783576175
-0.9957523281758596,0.616150592110405,-0.4974407833632194,0.6106644863498972
-0.9979701902297148,0.8140583753154434,-0.0136784998117652,0.5806219598169535
-0.9978768837310086,0.6225248814818005,-0.3942160628613448,0.6760595149231838
-0.9992605893394192,0.17641527140903365,0.07316661560933013,0.9815927354936739
-0.998782473314102,0.1423882585967899,0.9735715176521674,0.1785611487144649
-0.9988223137417735,0.11722222944129947,-0.9591382177018373,0.25751277302020287
-0.9862544702075838,-0.014444948801249753,0.014183312303226772,0.9997950675544656
-0.9975470811751518,-0.14890053257328917,-0.9752714018247918,0.16332276075947436
-0.9947281411934348,0.3780518558170057,0.18571320508331987,0.9069660411343959
-0.9979679060742138,-0.5072107621662685,0.06387082356881721,0.8594520118304186
-0.9856635694966748,-0.7187099712239094,0.567798242419002,0.4013242244983718
-0.9904307820974284,0.2619957817190695,-0.9638236696247418,0.04901167445120109
-0.9956525686020712,0.03341894771527947,0.06796529823525582,0.9971278213796846
-0.9887643386861404,-0.7617777804266649,0.6429922525202968,0.07909220218895752
-0.9968568801323582,-0.5201217884525864,0.8303449999869804,0.20000126542975824
-0.9888871010103,0.008644963550088024,0.020052149538812906,0.9997615595251154
-0.9913484161759066,0.9681427532734359,0.06637740422421369,0.24144077843766643
-0.9922918168931856,0.008181993248771,0.043363835525205736,0.9990258418854939
-0.9887741027886978,-0.0013180962193428505,0.3896321278166174,0.9209696344589499
-0.9988989030480016,-0.33769734456644046,0.1471981611860529,0.9296737087904657
-0.9987214059099172,-0.3959745295867808,0.192316444932442,0.8978967406818418
-0.9912401358983692,-0.8896612983507451,0.14643527172138454,0.43250374034538797
-0.9953096170701748,0.8497122578699086,0.13239817362507345,0.5103526255897649
-0.9971699100307676,0.13367665534559303,-0.4552748772114023,0.8802586767511912
-0.9590480625654894,0.2677806802626,0.9049158562813883,0.33078815022400815
-0.9933502485440744,0.7862589683359512,-0.29659975602636013,0.5420566570353963
-0.9984229842137912,0.7737648527049912,0.1399935404697869,0.6178104574585619
-0.924793648270279,0.24936707543371286,-0.8335206432896233,0.4930105464386026
-0.9992516458855748,0.17610981519502636,0.16830526812817032,0.9698755949668382
-0.989075483647232,0.3333201246524803,-0.6864491779072542,0.6462857113166821
-0.9983054124262428,0.28386957281275393,0.8635996637960653,0.4166697569087867
-0.9886818571582584,-0.010659114173585199,-0.49992965900233965,0.8660004153202462
-0.9983072688380604,0.3443271040288886,0.4372188112993087,0.830830040668426
-0.9970453414598328,0.15458127550424086,0.5558812705007158,0.8167622924511097
-0.9583109265663576,0.6541721167138151,-0.13114225377683347,0.7448896233593937
-0.999814879525477,0.0738470170680313,-0.12243661166125515,0.9897251609386643
-0.9920093735542116,0.4964314538261429,0.8200930534074538,0.2846106031139762
-0.9861159627898448,0.27030838995817086,-0.8730623202850127,0.40582700651480946
-0.9998590472577918,0.3613473523928998,-0.05070796299926478,0.9310514450915732
-0.9936703577420788,0.1667778773362652,-0.13028342196688877,0.9773491543925371
-0.99742861296549,0.9708882115139862,-0.14317665102116411,0.1920326205245796
-0.9972802533492372,-0.35949527803554693,-0.7892021554225913,0.49791877143413754
-0.98442518109801,0.7938448467894739,0.18389347522025504,0.5796495053023114
-0.9918150496541508,0.20215090697129112,-0.29677396262206107,0.9333060730115731
-0.9851774073484212,0.09472715868808615,0.15873189690586095,0.9827669867835148
-0.9954613964632382,0.13593760647189357,0.10171240918292275,0.9854823960705226
-0.990335256036492,0.3595010764257193,0.3684677943282838,0.8573158464601005
-0.9658598276250098,-0.9301697208469087,0.3670256958641085,0.00874236781717401
-0.9984719615054902,-0.4196831210266497,-0.12137866077415012,0.8995183703705024
-0.999302790835074,-0.5789060930145852,0.2061744067087512,0.7888978701257108
-0.9909750387589114,0.501998977638756,0.47456491175111765,0.7230388447270988
-0.9980539483618148,-0.9976982791637684,-0.06757304645590409,0.005659253159515913
-0.9992291346270556,0.8805260272431568,-0.29228500682043507,0.3731533064778628
-0.9820837275174914,-0.2564518407476293,-0.8491099998227524,0.46178421538436976
-0.9911735025665768,0.29262419291712466,-0.4525710251211775,0.8423482349600835
-0.999670685530247,-0.344336048121084,0.02090500657634251,0.9386136940533084
-0.9882411030583548,-0.016189456890041955,-0.5247881469963132,0.8510789048365501
-0.9995499237370924,-0.8901029730754255,-0.006071411720519679,0.45571903107288403
-0.9949923391647758,0.04876233036700741,-0.9341289028459548,0.35358934939416853
-0.9978061156813984,-0.12624155011696317,0.4653957353286546,0.8760535831568564
-0.984062640936103,0.5978225258452701,0.3657171557589243,0.7133436686307548
-0.9979085741698313,0.7598123544009708,0.29666180753180094,0.5785127120916345
-0.9954241455253644,-0.6480057354435995,0.7603022275434278,0.045045417355170245
-0.6899595603441553,0.009283629992344153,0.41339014090054665,0.9105066752201169
-0.9987423114944162,-0.7232932485203664,-0.21255159277157587,0.6570149899774902
-0.9955742080858048,0.7395563233221699,-0.2765915739495434,0.6136395895428426
-0.979114030055451,0.01631076485157751,0.012684779697383852,0.9997865048669068
-0.9982639355933468,0.5567287182475863,0.4880559769841619,0.6722012329715223
-0.9963168705308284,-0.3461534111708791,0.033693911193944465,0.937572683200198
-0.9983675904315512,0.5908667796696171,-0.07632268002997143,0.8031508558147086
-0.991756773577982,-0.0509824171851035,-0.05737264013003461,0.9970502360976972
-0.9996972506853434,0.47532916424948074,-0.854065602474257,0.21126791588921984
-0.9964661917114545,0.013063243380269596,0.06908132615906241,0.997525499447755
-0.9961055758941608,0.31145168358512365,0.24594141187159996,0.9178838002266932
-0.9975331885291128,-0.5638045618712334,-0.758644288689101,0.3264709163962304
-0.9969553738353264,0.07108296622769829,0.8708625736383739,0.48635952725141474
-0.9989721438042856,-0.8272452948173817,0.553418005718476,0.09692127294401408
-0.998430223856242,-0.9646429542610395,0.24381049915587705,0.10010200445493696
-0.9956829474982068,-0.12528942046500022,0.04585853434711116,0.9910598145152891
-0.9839599057164532,-0.6953237835992846,-0.16091016056985705,0.7004518228875972
-0.9890508613630908,0.7797628157573031,0.3470666004270362,0.5210707495439197
-0.9991529556614648,0.853667989340147,0.25634324790142804,0.4533642059440707
-0.997873005328792,-0.33642653704006875,0.9129326168393974,0.2310221251005997
-0.9484369140839102,0.5038460878266459,-0.14064626701735355,0.8522662420604651
-0.9953161215881412,0.8566563433197615,0.5143839593072398,0.03935799610527454
-0.99401596662946,-0.02875278366893787,-0.411120195302105,0.9111275774808083
-0.9989082392725558,-0.7242034163333919,-0.5698300952144684,0.3883594653911679
-0.9924325689306474,-0.30071091321220067,-0.5784412572648913,0.7582734721516349
-0.9954403039768832,0.6489199780622081,0.4959475395051568,0.5770085789054824
-0.9975512110020378,-0.03956260791003367,0.9730762759119775,0.22706246125820487
-0.9976491569392948,-0.4621154056604074,-0.39564473272014944,0.7936715928657889
-0.9957323800997544,-0.1172441427721357,-0.26960227332368447,0.9558077344342472
-0.9992265932832494,0.9389614531626612,-0.16361453166048356,0.3026246429228531
-0.9992766746349728,0.14054942442651558,-0.988855090415678,0.04910671494181199
-0.9894185054564908,-0.6459045625624473,0.06291349693416293,0.7608213903174178
-0.9942212575064914,0.5383966612156128,0.522056923469187,0.6615025350289809
-0.9973662109713108,-0.11352023011143648,-0.1690265175414368,0.9790521915216067
-0.9976307766317,0.07322709895863352,-0.018561691851844347,0.997142545263063
-0.9946093427632778,-0.4104582334977447,0.6497139621892366,0.6398404534649821
-0.9882826054524564,-0.8860172775215698,0.15615445365170164,0.4365651962055657
-0.9942945880213342,0.9031248214324262,0.3436866450300977,0.2573811316716982
-0.9929884647881768,0.5720726753747649,0.12354774467365215,0.8108445035119944
-0.9818897411429184,-0.6195224191331212,-0.48207976225008936,0.619508736839395
-0.9953136709104552,-0.004304170048776887,0.0012762669095186714,0.9999899225807063
-0.9969875885189354,0.05437424393471545,0.020530673430637393,0.9983095376910974
-0.980716736005416,0.5913183660904862,-0.4447394230253358,0.6727179464910753
-0.991822887204867,0.4072678882201389,-0.6872264471014408,0.6015419167680994
-0.9969129076478004,0.9040848893085225,0.17109457219427476,0.39160842724544986
-0.9930706975487956,0.20095625369380024,-0.4810662950421742,0.853341551710538
-0.9966209604058208,-0.23626089682652873,-0.1809426943542271,0.9546939457179757
-0.9989782229971884,-0.053177033837505994,0.11043988914335746,0.9924591850339477
-0.9967652703506614,0.16291853457278796,-0.08736835450214704,0.9827636143672813
-0.9943538601995628,-0.23089794241329403,0.4735288544011477,0.8499744491682346
-0.9999474723414252,-0.09895120334070819,0.5744117364569262,0.8125637306562264
-0.9023425552624346,0.3280595002245512,-0.45938552393788473,0.8254343733506213
-0.9975173189861536,0.5598805160945776,0.7748614487443737,0.29346812935553995
-0.998609965285859,0.07342063288303036,0.6246344784226955,0.7774581525925768
-0.9859660248985324,-0.27225307077322763,-0.5337804831202702,0.8005976900381607
-0.9990549281668292,-0.32056340902904223,0.9295825393836112,0.18197638106302655
-0.9993103155346632,-0.8143061434265382,0.5762352248884274,0.06970272860930021
-0.9994991692657672,0.030041802649074537,0.17852458857521114,0.9834767213145645
-0.9999717196588966,0.8897661521853162,0.34497594226755884,0.29884409594627553
-0.9988095502438292,0.04420767025419212,-0.08927177664353518,0.9950257442828317
-0.997431725889486,0.33750315859895325,0.33221299137882654,0.8807531699033853
-0.9862325086259138,-0.20200931465062158,0.9787926809529179,0.03401653285368244
-0.9957063045319527,0.2601097734323721,-0.9398734393025531,0.22131611748480942
-0.99443352000801,-0.2639158831953219,0.07369126566741065,0.9617265744282875
-0.9974212586657284,-0.7696488454512223,0.38119288112173033,0.5121841876490477
-0.9877181739001244,0.46004425947818156,0.5883204113484319,0.6650100547450267
-0.9995186081765638,-0.0339888257184644,-0.9564452137040093,0.2899263922256335
-0.995160178635821,-0.15667245708247035,-0.08032172856207405,0.984379073890004
-0.999855626329934,-0.014197084830114538,-0.6065275864631615,0.7949356764175946
-0.9871564814245686,-0.822248814293137,0.5690871503006486,0.006833941484782557
-0.9932364328523106,-0.19332200847497663,0.521809916177789,0.8308676262905721
-0.9946981661132506,0.7829420772104402,-0.620357740898597,0.04645403147833812
-0.9976266332843796,-0.788251156712722,-0.2993990360739932,0.5376061115156893
-0.9957274220809916,-0.5470994256224532,-0.835788963937154,0.04624960804634686
-0.9962709070111272,-0.35128574056401535,-0.9361545937288541,0.014591268510837679
-0.9997157856640672,-0.34252734255914663,-0.9140180925368784,0.21736132617053858
-0.9973330840647928,-0.41164393699497237,-0.8742831202334004,0.25725142333955847
-0.9983103142221,0.24204750988105284,-0.7801650791478272,0.5768495923883852
-0.9996372145492486,0.08303832716225126,-0.24057205898654893,0.9670727587193568
-0.9931058734748102,0.6500118105986717,0.16897947941800692,0.740898496163851
-0.9928244198545954,-0.6440950206760945,-0.2970442959207353,0.7049158039093861
-0.9501965410177916,-0.20518821425242814,0.11405055419661615,0.9720546629790654
-0.9939206438362634,0.34808033791703824,0.9253403399597468,0.15028417614220327
-0.9989919180348834,-0.5673271358205259,0.6815537904867156,0.462195144538396
-0.9940853849499242,-0.31900655075317536,-0.11773913613348128,0.9404107168674245
-0.997919333298226,-0.02764543752762965,0.513646168193221,0.857556612524402
-0.9945023735530648,-0.7929061567875957,0.48001311183554396,0.37534948913550187
-0.9900623655384652,-0.12328072330048027,-0.003254007911901604,0.992366502203203
-0.975380795474345,-0.7412523569821404,0.6679200374460388,0.06654146712016182
-0.9993556339429764,-0.26434461080947125,0.6172180838446145,0.7410558438546798
-0.999582826492388,0.5791945737317665,-0.8102287604237463,0.08979421775301924
-0.9963821809268548,0.3362943819899883,0.09047128069743622,0.9374012140012075
-0.9984897228383166,0.4913514000890047,-0.21526249498440586,0.8439406732014185
-0.997948525538578,0.030091091128980906,-0.566912666819411,0.823228130249672
-0.9895969223681292,0.9590737092823753,0.15741289198294822,0.2353695001501056
-0.9937613901010972,0.8694543776215243,0.3340563608975947,0.3639442718035601
-0.9948229929128748,-0.3007464726612589,0.9442036740828039,0.134279488494501
-0.9993285419716031,-0.7823497253131676,0.07093110615944274,0.6187872699736228
-0.998332653214865,0.7081656769749791,0.5840222186839171,0.3967611649822657
-0.998296833390777,-0.20513974230825122,0.146210146677867,0.9677501119267002
-0.9988217352627454,0.30340179884923096,0.9156158676632601,0.2638085126342707
-0.999670955942626,-0.9337579898167823,-0.19177804523508046,0.3021873554918099
-0.9992158595335492,-0.7602112344249417,0.5693655983113249,0.31289246477614846
-0.9981897277120152,-0.4702501192733025,-0.0967570719001156,0.8772131407820797
-0.9990845562456288,0.8851454408188167,0.12337104301066071,0.4486614919336451
-0.9963400496962012,-0.209309312724135,0.9273701283501167,0.31011974566421663
-0.9933157010495188,0.4526998932953997,-0.20220558661544116,0.8684329031950822
-0.9986263896892644,-0.9763816675848435,0.19218562048810775,0.09870930291437238
-0.9897625420524372,0.08242622689472434,-0.060011650924942296,0.9947886805111739
-0.994572501013762,0.05829096442005674,0.7231977094765463,0.6881767479905557
-0.9777713646452668,0.03106072811700322,0.9631403520920586,0.2672000998144033
-0.9958227224734316,0.6921719553750741,-0.30164745820825856,0.655672780545863
-0.9909813607993504,0.4418684232727017,0.28033013916053584,0.8521545103986313
-0.995716696661468,0.25622106548375057,-0.25108917480700305,0.9334371922615414
-0.9823736788409456,0.13575341684057105,0.9847553998249072,0.10875574620128012
-0.9960849614214698,0.4139762924748248,-0.8079197885333151,0.41939151703996314
-0.993306840160621,-0.6296853687958088,0.7445420048121352,0.22170597509948292
-0.997433596057723,0.07034513224867957,-0.1341523926154872,0.9884607720716366
-0.9785380681224788,0.054207624930558085,0.5884440600279425,0.80671873761381
-0.7836280200893843,-0.6015368302979697,-0.7966507656993347,0.059169242903178855
-0.999353584885568,0.10240234198350481,0.7797416031539758,0.6176704563658207
-0.9968835488163094,0.6727942512229543,-0.34002261679010914,0.65706355521559
-0.9790903917187248,0.3029760633748482,0.5417266413323089,0.7840521354429794
-0.991281143705496,-0.058481312321111326,-0.9928537708547969,0.10402560169790517
-0.9458289007863612,-0.8435858698655484,0.04591755979445848,0.5350275300072963
-0.9963753315604924,0.860680444389077,-0.466241665781138,0.20456754810050057
-0.992772840890624,-0.7928920970462129,0.6012926677448113,0.0988395171881526
-0.9963075115352172,0.08437477178262784,0.2657836685932183,0.9603332439292934
-0.9946258899213192,0.7708048240547534,0.4925183072415917,0.40408617923135876
-0.9906280265668548,-0.34791973030016854,0.9327914209325441,0.09408520767104377
-0.9810733837463276,-0.4470830474363456,0.5171000789204642,0.7298796182080167
-0.9978410691711258,0.59889234576932,0.24322864250069923,0.7629992042238237
-0.9873292126720956,0.46864820247813516,0.08764808044152074,0.8790259815892415
-0.998959213057092,-0.31543456232548767,0.8413346058692939,0.438927235264899
-0.998097016577701,-0.29085007613428304,-0.46722321075554424,0.8349303590982675
-0.9890977281290068,-0.0717351133123985,-0.6775199219067285,0.7319978339705371
-0.9958543824550228,-0.17436293782900386,0.9773018683655846,0.1203271540458615
-0.9949116975909564,0.9209390524368787,-0.2894446696304546,0.26094644070992984
-0.9978803857258506,-0.4635985258044781,0.8787338426755056,0.11359243200431322
-0.9973781811005772,0.0192493918237924,-0.013780349064190399,0.9997197421748173
-0.9959051666108116,0.1764048771953218,-0.2591954375596062,0.9495783508747384
-0.9995725069108804,0.5105469926289583,-0.3065946682273082,0.8033314868297602
-0.9929840928649216,0.13858576929725336,0.15610846028630745,0.9779693927599814
-0.9882298453527086,0.16465765527485382,-0.5974348904436082,0.7848308150423384
-0.9937603548687216,0.0031075256902475938,0.0028188393250073865,0.9999911986757405
-0.998676199597144,-0.6719930898105805,0.046846748971043725,0.7390741974644177
-0.9094938660903346,-0.039666886921339545,-0.0827829282541272,0.9957778491569501
-0.99414458245911,0.15123025698296444,0.0858441432483983,0.9847640288123927
-0.9947378849410912,-0.6232426992600524,-0.43985577855292085,0.6466029940331607
-0.9754369979361522,0.4684604489465075,0.3846181157014817,0.7953701734708677
-0.96913631395103,-0.014781548059904887,-0.024300240704110274,0.9995954202269411
-0.9979903390923835,0.0432718312790755,0.6329160531355691,0.7730102316923423
-0.9965275396435292,0.44409618002438306,0.0879928393229172,0.8916478246009699
-0.995933722020621,0.553648799363625,0.20113473477843533,0.8080951833966249
-0.9927389987726508,0.22445654642256826,0.19329295823576628,0.955121505916666
-0.9979008812790332,-0.17671929156354818,-0.9164152402387262,0.3591008207279335
-0.9967695422040684,-0.006159044671079091,-0.5684612871525762,0.8226869581910097
-0.9968630101439152,0.03688561473030249,-0.29368698063753046,0.9551897239972688
-0.9964689837752584,-0.9380164815236718,-0.26271180210020734,0.2260698773105621
-0.9914250981217096,-0.2677727948782579,-0.5025393235695704,0.8220413363020895
-0.9988186846230412,-0.9131145646456227,-0.3438962905359015,0.21899117148342245
-0.9810439703544702,-0.7452410227600533,-0.10336602121605304,0.6587346079063344
-0.98718443829085,0.4142810194566457,-0.2810920143471839,0.8656549638211548
-0.9962821539688564,0.16885620691509842,0.027972587401565423,0.9852436834308085
-0.9985362562773,0.025074073241106755,0.021149069936073045,0.9994618590481273
-0.9802306678806316,-0.6707117147452547,-0.603958681885259,0.4305574366781979
-0.9977748552767526,-0.02749890453274094,-0.40161411224763094,0.9153960427558372
-0.9993837822649893,-0.22897936067971272,-0.207316486516376,0.9510984842807896
-0.9970283636529524,0.4600237541043188,-0.6467593289992281,0.6083424331840065
-0.99821949646221,0.7626579639783418,0.2973212551512355,0.5744152689611446
-0.9970259235031704,0.07807169005983187,-0.8847957060560301,0.45939239192221365
-0.9980702650781412,0.17296499231041118,0.7174106804681875,0.6748370373543762
-0.9935755212966926,0.9132946813246913,-0.28132391817540897,0.2945329830875757
-0.9976376633862952,-0.8632690535775412,-0.4124035146835709,0.2910152611324257
-0.9956354755906888,0.6338415325869103,-0.7505516164047503,0.18686139965250562
-0.9881229403421184,-0.4235008355993072,-0.22915137468602692,0.8764340760868399
-0.9806681439843092,0.23333535225938581,0.770787767278958,0.5928244522614661
-0.9998244202811298,0.6332878383015871,0.11889159215585107,0.7647295621158827
-0.9994309168473492,-0.4082759610916609,0.7247738286727049,0.5549897628477386
-0.9991993196873206,-0.06406341236946232,0.1887509236523725,0.9799331446664902
-0.9987170147199802,-0.15238105604088723,-0.4965015216564498,0.8545561729650626
-0.9943833250324507,-0.5766693160887999,-0.09953376045665313,0.8108918117794959
-0.9985703119376752,-0.06812749839375938,-0.09113255744672348,0.993505662256551
-0.9983113463708676,0.16493263892920654,0.3351449583914577,0.9276179609519406
-0.9959906996306498,0.8394150238103857,0.051538415906964175,0.5410417816464921
-0.9985413328895862,-0.0008631032024288621,-0.9811804832284892,0.19309094847861297
-0.9981207373252486,0.009977039077839214,0.06276793240447248,0.9979782789985495
-0.9932792145331076,0.44239340186686893,-0.6321407541340048,0.6361494674583565
-0.9960584982505468,-0.8344563470279349,0.13732099179051935,0.5336905003074937
-0.998343873771258,-0.07112465352821096,-0.7476030660982566,0.6603263884027185
-0.9997886675735086,-0.19560746893097372,0.6720071891797369,0.7142436949593377
-0.9974003811113552,0.5562307768613749,-0.6298788980322654,0.5420884583588277
-0.995927033699448,-0.03381465440136502,0.026112995218329646,0.9990869234598377
-0.9988279819672145,0.3562051635960979,-0.9240846415625196,0.13851157589077895
-0.9951514332533064,-0.31472993547150757,-0.29674732351117156,0.9016019596845699
-0.9936960122535844,0.9085967700325105,-0.0762953165370405,0.41064697023234203
-0.9965799492320188,-0.5720361925015655,0.3018019487730063,0.7626861596916045
-0.9989049522421616,0.030643596056536437,-0.18823525932028612,0.9816457900736643
-0.9942425397825122,-0.6133345062111146,0.501836106837456,0.6099027015557429
-0.9989226929091112,-0.9330932877077903,0.2594684467275684,0.24902417872056098
-0.99293420476356,-0.19514944693817865,0.7369487888508199,0.6471654934953134
-0.9965068249186966,0.28930484197127887,-0.8789986631833278,0.3790304190086807
-0.9970388630988876,0.053537076294605114,0.11411597927385468,0.9920238529068718
-0.9993448445679995,0.15392753664440392,-0.6249418898957504,0.76534563937878
-0.9798632247130226,-0.16686451087496856,-0.072015544423343,0.9833463257529704
-0.9895842104971097,-0.2748131395261115,-0.18482327709119678,0.9435666879394761
-0.991643045875721,0.2692563046449558,-0.6659964607919688,0.6956649744104659
-0.997160074478867,0.13521604606018492,-0.6636369149283793,0.7357327408999771
-0.9380274024172544,0.7460403709059059,-0.03403956321749815,0.6650301294787629
-0.994911556446214,-0.3119428394155273,-0.7389936812317068,0.597143202286511
-0.9520901250745192,-0.614901985117233,-0.0069965458262015,0.788572505889844
-0.9981825782390672,-0.28646841651546706,-0.025847428474877247,0.9577409653869656
-0.996523053473628,0.04047463524093155,-0.06071628236008649,0.9973341150078462
-0.9997503685554112,-0.1552209032229502,-0.9397609326017454,0.30455846853789675
-0.99500381201061,-0.17195026564314206,0.9691664798031535,0.1764920410987888
-0.9974919460439768,-0.47078838762075825,0.7155087678312968,0.5161448413362145
-0.9991224849566906,-0.17785995646914898,-0.9705616762006875,0.16240649178928906
-0.9989004805809932,-0.059501134134438145,-0.047357140329182965,0.9971042655091581
-0.9795402172776008,0.9356521395059847,-0.09327709536853263,0.34037399624160924
-0.9697404382388164,-0.25765500376197925,-0.9615419937882271,0.09513618248687264
-0.9092330960749956,0.2745459308928958,-0.6825024527426513,0.6773587925393885
-0.8068391964756466,0.10490542448905883,-0.5428714882420325,0.8332379007022251
-0.971752945250555,0.41418494984955906,0.6380353397666934,0.6491238191030417
-0.9986772897235302,0.5207565573733833,0.7255568569670539,0.44986648603859364
-0.94730937856633,0.45861432370053506,0.4150496492132424,0.7857523088000857
-0.999508906711172,0.01304726367574254,-0.044496231625001346,0.9989243486279378
-0.996328495287548,0.1547872151887413,0.6378815485066829,0.7544190136050593
-0.982342393219064,0.08706290654859411,0.6549291251867544,0.7506583052797214
-0.9963193344076736,-0.4809776964896744,-0.11744662118477532,0.8688306777800646
-0.9960266314723792,-0.14478844833302554,-0.19203567034919647,0.9706485494466314
-0.9960531621437492,-0.4047857726337358,0.10177987987535927,0.9087295165921855
-0.9994046218233502,-0.7405886843750776,-0.3328593453888664,0.5837234420193239
-0.9875522916438786,0.30145260604650537,-0.6441304566002588,0.7030094460159925
-0.9972012001806192,0.9073811818735703,0.3934021742610202,0.14796661808808279
-0.998444729139468,0.10741449200852339,-0.0913513874257078,0.9900086115392881
-0.9952954464720816,-0.14674720722753756,0.16141815275666294,0.9759146669312563
-0.9997527137292284,-0.09167815320424294,0.05758003857122643,0.9941225555147591
-0.9972734887177536,-0.5942456886281692,-0.6472795214586232,0.47739007388835464
-0.9990625283367416,-0.572324574915792,-0.1934627516602653,0.7968793789950249
-0.9972839869224364,-0.6547516327939357,0.7101289859252136,0.25887665538341437
-0.9987900204263233,0.17921726329520024,0.5078012552300405,0.8426262859202613
-0.9319688207543771,7.284629115421868e-05,0.005983928572829463,0.9999820934858049
-0.9966029500154192,0.5371114051819953,-0.783437779442516,0.312628508241974
-0.999497894051496,0.048527733336264416,-0.6066564872080175,0.793481547123607
-0.9985226375209656,-0.6797057071025978,-0.44968656959383585,0.5794671180136849
-0.9957290581074738,0.06438273380032904,-0.004058076247121539,0.9979170284174774
-0.9987927620690544,-0.029012643461278156,-0.1199719881967444,0.9923532579517784
-0.9984450994736356,-0.21321815037426892,0.12968113664551387,0.9683598624216636
-0.9856983274917638,-0.7953374721831948,0.05294520320489806,0.6038502387172151
-0.994809805952621,0.3290626346007255,-0.6880802834987603,0.646732793331137
-0.9987181504907634,0.013632677101985326,0.08227615886002332,0.9965163238995501
-0.994294286422339,0.1750940468104373,0.3140963176800815,0.9331053413154153
-0.9989389671649728,-0.7026926816038408,0.31503687265119895,0.6379457375753486
-0.9945173575188008,0.5322131646193353,-0.061627604573895024,0.8443643678888612
-0.9962618711095806,0.05252448343790869,-0.19389581820543944,0.9796150214865144
-0.9859449656459276,0.34716174971397573,0.5144011322946552,0.784136591818994
-0.9999367975338704,-0.2038309206728801,-0.3330432022541097,0.9206167395881818
-0.996063365623596,-0.8632788381628026,-0.28656855037099516,0.415485395072496
-0.9993695439855764,0.7156422554221349,0.15743814736130624,0.6804920220030206
-0.99977569732269,0.00596409734111869,0.001415911638353455,0.9999812121920781
-0.9972983538277768,-0.6725388526499136,0.6970554221362392,0.2486065770385151
-0.9599106058354616,0.6149216613607498,-0.39653888888251365,0.6816364573532998
-0.9977093480925188,0.9772788481727229,0.09474993159096422,0.18960090552975592
-0.9983745114363582,0.7379010586449097,-0.34508669282030413,0.5800148291975529
-0.996921003662709,-0.13645049635958229,-0.7092025222268511,0.6916740883611996
-0.9950689699581062,0.17566428751204388,0.8215293090939609,0.5424312420874053
-0.9990100855697632,-0.02866519865166562,0.006340249267979454,0.9995689609153939
-0.9994978098539627,0.5438922203545429,-0.37644155107653954,0.7499820072914378
-0.990650032365002,0.3874710367314128,0.15224286254031355,0.9092240133761401
-0.994210303153364,-0.38656652450022533,0.9077847420639702,0.16276727008728714
-0.9940140298684044,0.06594076950836388,-0.2605554908692239,0.9632043662144304
-0.9276927442351198,-0.6024789168538024,0.7395889131660637,0.3000456536404248
-0.9967832789833893,0.31899278641373474,0.09968488494382327,0.9425001463818126
-0.9989739174874216,-0.7357281190976109,0.6003563843438999,0.313490584462454
-0.9946035175830404,0.09045947274713363,0.02753141138586075,0.9955195152167601
-0.9998767777409888,-0.1699541810778767,-0.15327153981322347,0.973459506819586
-0.985026126379891,0.08209771705164456,-0.8789444780147581,0.46980482056091405
-0.9993386177442116,-0.43262728751385277,-0.6404690553138128,0.6345337022442846
-0.9965331024030292,0.8438289216357743,-0.4192289932171718,0.3349623893172528
-0.9983944079276122,0.7605432595569299,0.2388233605855926,0.6037692877094066
-0.9990945465577796,0.282422712576977,0.28938251498337536,0.9146010996289906
-0.8183249573667507,0.25093253441649255,0.3939112042665562,0.8842323372986238
-0.9871493914698708,-0.05767229819883955,0.9555447541224052,0.28915070273062826
-0.998832766984148,0.1842145126673557,0.16999519575170471,0.9680736783654786
-0.9941838924575844,-0.8157214632823246,-0.547050334383439,0.18797453548688636
-0.9998474132460764,0.3672925458753926,0.2683073636105723,0.8905657439946344
-0.9945237903525674,0.9372125995305918,0.1189654991539623,0.3278410488211614
-0.9989853864945808,-0.09338685828825158,0.05225485922241529,0.9942576750454057
-0.9987989240381652,0.3520279002016397,0.7078051507421881,0.6124444677376495
-0.9924142267268384,-0.7924069540441481,0.5915369106962431,0.14891374169773752
-0.9980232311767014,0.31079190900519815,-0.4060902882962404,0.8593596843280356
-0.9894945189413766,-0.008687169803888251,-0.002725832287600485,0.9999585506005428
-0.9975460858825468,0.47231044041703524,-0.5773122923575519,0.6660580792738233
-0.9991266687305116,0.4436420291069082,-0.13853986824037132,0.8854312254025413
-0.9996241861822748,0.6129652462873789,-0.20822027301808058,0.7621797194547549
-0.9992071032941215,0.7436643016097555,-0.6457149778952589,0.17325003270706682
-0.9953893713307628,-0.008380010630162886,0.0006453422532857659,0.9999646788538156
-0.9995111217592962,-0.25617004937958127,0.8542628693857012,0.4523404202475956
-0.9945029979197334,-0.5751927857292681,0.7682876294337313,0.2808689689234142
-0.9724519702446855,0.8320966933135292,0.4210076696016641,0.36106458579216344
-0.9970592899836926,-0.2651645463425381,-0.3899273886630202,0.8818414794810879
-0.999905139865326,0.29756896494063373,-0.19393444595339462,0.9347952405617552
-0.9871712435593244,0.005386451869985061,-0.20718798601456062,0.9782863203518092
-0.9971932942737972,-0.6235992313597295,-0.6014961445919113,0.4993259323213857
-0.9822286519879466,-0.01797042243133555,0.05699603900091323,0.9982126604365653
-0.9969787046496746,0.8969649823957546,0.09207136586214207,0.4324080063366809
-0.9976831365649896,0.16676673775101405,0.11251808287236145,0.9795552747071565
-0.9919865557658905,-0.1514031037615166,0.39317007323118836,0.9069147664950447
-0.9987704777870724,0.14553932378862874,-0.8761058442603359,0.4596268648415069
-0.9890778230653764,-0.6623949734017999,0.19690755730658133,0.7228141622073991
-0.9879452219216804,0.6837160112528278,0.719268289113883,0.12322964023201037
-0.9938613807412988,0.5076492597305328,0.3768560504290244,0.7747720608992549
-0.9923723627730356,-0.7245342808978275,-0.21428602293383514,0.6550813508100104
-0.9873846491788488,-0.0008067952186790768,-0.05665255710623756,0.9983936282122395
-0.9954677632296326,-0.002489895865553617,0.469131601616796,0.8831247594666557
-0.9993204219709868,-0.014123295275290952,-0.07818920851456725,0.9968384925364954
-0.9784115906191828,-0.6316615194105376,-0.6785990526932603,0.374842701115789
-0.9981041731094492,0.8892418570543705,0.34004315169102267,0.30597316001657837
-0.999931091439808,0.3624277453203754,-0.9125915768633063,0.18926897067436385
-0.9999180414838068,-0.894218362027962,0.1916479679976478,0.4045300698024823
-0.99784414437598,0.39228908141667385,0.021113398601710475,0.9195996416923766
-0.9983392768856282,-0.02863620078037273,-0.9548538426148273,0.29569258909983676
-0.9965467986491234,0.06280713261780144,-0.6562990280143999,0.7518822048164752
-0.9967550206661772,-0.22199188553288296,0.16132717407403355,0.9616096638776265
-0.9997104449980656,-0.5756200659035507,-0.03318401356982733,0.8170436713986525
-0.983546552733362,-0.9434122743035247,0.32505925490766424,0.06564877373055104
-0.995730138786579,0.4424501745725955,-0.8913566787783561,0.09859571095082323
-0.9995404019830396,0.11430265775016067,-0.017750840210805318,0.993287375386932
-0.995774872816932,0.43980557637670303,0.004807320655607882,0.8980801437823187
-0.9982273589155513,0.584230491905672,-0.34696440658173333,0.7336827876494324
-0.9973252310807512,0.6236370366769045,-0.05143266339597848,0.7800202097515456
-0.9917845018453938,-0.4670203001070788,0.8523703774495157,0.2352802136484585
-0.9991170611208484,-0.22684527194449236,-0.13422590998958672,0.964637044532241
-0.9991592643465096,-0.252195001976559,0.011344074788535023,0.9676099384283088
-0.9910688749438336,0.201606500330517,-0.7750019244288587,0.5989380904200757
-0.9758767499152804,-0.15313680122075007,-0.6417032173905671,0.7515092154474694
-0.9953836675828256,0.44592921669568025,-0.543441495523971,0.7112091637766255
-0.9899844791283468,-0.3682657445572958,0.30490886132924333,0.8783000214440193
-0.9958837523045696,0.031559588975775245,0.005781284991148472,0.999485152009539
-0.999162821688328,0.7618076859333005,0.21089820876928492,0.6125120367722228
-0.992493524678884,-0.131845702530622,0.29957684183468747,0.9449182115720711
-0.9964703158711002,0.1957448875718651,0.06791429017572313,0.9783003568329134
-0.9982951876109232,0.17904534047448406,0.3582528288061764,0.9162956273532841
-0.9816273933109334,0.36699713157554276,0.10590874178183315,0.9241733840733094
-0.9922563990225572,0.5745314297951366,0.7020211946879651,0.4208086006564483
-0.9990512034171528,0.00563698368221315,-0.06339772745542581,0.9979724207454101
-0.9992036326547732,0.6358805538640854,-0.5127992785807489,0.5767953026027237
-0.9957820640062068,0.5553618110931398,0.4678278000345874,0.6875393867220596
-0.9991324316628176,-0.3792734942815917,-0.924003551772586,0.04867291697728155
-0.9874924631082028,-0.6992951437322545,-0.0011044909379997465,0.7148322055225642
-0.994764310412346,0.3583256194282854,-0.034791624639690724,0.9329481728993666
-0.999194460922382,0.11340422244299232,0.7907212076411912,0.60158079600213
-0.9902957143391412,0.6918522362286689,-0.5185612374130463,0.5024288270770702
-0.9971853100576024,-0.46949201292951126,-0.8258393159925903,0.3123566454492142
-0.9951583091965628,-0.09252318311855716,0.8601272692032467,0.5016179236815365
-0.9841661995258068,0.027664336984890934,0.09377570903334372,0.9952089232188788
-0.995250134546567,-0.3565570185025544,0.3730551251532227,0.856561128089223
-0.9936855268589015,-0.20024468508933363,0.024796269706105642,0.9794320860080783
-0.9972626604325682,-0.3860626894468307,0.43027683942454065,0.8159763729863188
-0.9999372666680238,0.22157020148205467,0.5085946307571725,0.8320085019879166
-0.9983125080089374,0.8962083935711811,-0.42489824102061585,0.12756175002777922
-0.9935786070264528,-0.053187140115148614,0.1063885113790078,0.9929011092616074
-0.9999712202736752,-0.024492382662759677,0.8667372161619835,0.49816334802078316
-0.998472824484439,-0.2450012461838289,-0.15434440406624522,0.9571583956178865
-0.9997194619211788,-0.005871346920966202,0.03253007129528247,0.999453511548615
-0.9969458654991358,-0.005079725402990164,-0.0031913095818107366,0.9999820058045961
-0.976636132898742,-0.16785936607546198,0.019635811456003884,0.9856153753514645
-0.9985924809925134,0.8060714592879643,0.287855345198368,0.5170958351815456
-0.9925646055729064,0.610696624083877,0.6937456427678098,0.38179394504527453
-0.9940347845608772,0.3477959303144319,0.6728394285022619,0.6529357505218016
-0.999926159633582,-0.14698753793436714,0.4127331791992939,0.8989137814496097
-0.9991834552643156,-0.8550419501320726,-0.12255334908016924,0.5038689712053882
-0.9955354418386092,0.007133549238311019,0.8143612771960219,0.5803144170869173
-0.996148736364654,0.8985317506614686,0.06058929337261453,0.4347063728332536
-0.9977325698959832,-0.44296236958753454,0.8350480909072506,0.3263112394655638
-0.999669680899262,-0.9506310822800872,-0.14676294520019595,0.27342491349391396
-0.9993360549442006,0.03298526902338982,0.08726944716696519,0.995638496452717
-0.988619079466285,0.38539213231169955,0.170728527428163,0.9068211920078029
-0.9968405588576976,-0.04770408468829759,-0.9846441585743205,0.16792915556722174
-0.996352163143052,0.015318842936852973,0.009048455874067761,0.9998417167218875
-0.988712007969769,-0.23670595426328173,0.22550264239332402,0.9450496545102474
-0.9990866358747488,-0.18515307133129158,0.08750254575268615,0.9788062344833061
-0.9743901794269042,0.3256606898957638,-0.20185293974747454,0.9236885328788691
-0.990387344321923,0.014042623846063869,-0.08262321460187284,0.9964819161050394
-0.9991646949306038,0.5423035855571767,-0.41463796853100804,0.7307408406160892
-0.9996902488725676,-0.006203684984207581,0.004944808090287659,0.9999685310876373
-0.9981299017559568,-0.02522752305943716,-0.3259648300003445,0.9450452379029969
-0.99166929212363,-0.6663156782341675,-0.005982670041482134,0.7456457768931011
-0.9987321394265002,0.4993438882588163,-0.7731907092382074,0.39093709008775873
-0.9956766837711905,-0.8090126549099487,0.008189287742853086,0.5877341744035487
-0.9985508341018244,-0.4191760697510678,-0.6559528873054279,0.6277079194846283
-0.9963193305827917,-0.0468988516574146,0.1341730006434458,0.9898475153333213
-0.992359175344232,0.9904891377260143,0.060769686800063276,0.12344356286578403
-0.988470649525022,0.9221828799084341,0.12563127366626964,0.3657806980702752
-0.9933260247930894,-0.025111339268132304,-0.14898691591533653,0.9885202676355186
-0.9960675156276748,0.46369623295535045,-0.7382353934149156,0.4898921385902637
-0.9995705866071172,-0.18839770387156474,-0.19622490294893616,0.9622900252203609
-0.9988128814940418,0.9398304569351641,0.3195229585858623,0.12092886815635875
-0.9661270706419846,-0.6729068310587272,0.5604956054297642,0.48274327857405086
-0.9993078246906262,0.08405195923574718,0.8606597766285025,0.502195198147502
-0.9959965161673532,0.9298191244524527,-0.08219416979215136,0.3587206632669122
-0.997381329239892,-0.7370278333921871,0.4993459151320955,0.45545980047212564
-0.993807820997364,0.7294467004268285,0.30657411416431973,0.611489839458331
-0.9942310237506454,0.0761732113260432,-0.32641286018450905,0.9421530059297407
-0.999007522074619,-0.4585828211757592,-0.03366087256511696,0.8880139310735146
-0.9800364481865464,-0.6757893081184313,-0.7364999864920194,0.029607109451400593
-0.9922321589466858,-0.4224950037595394,-0.9054239122556111,0.04129783183134648
-0.9980862721599308,0.6369022450267569,0.07642858071968485,0.7671467932078263
-0.9995725203409728,0.718437834679375,-0.6810480477822913,0.14149429074397585
-0.9914662613486094,-0.20082360169326896,-0.5833439655243721,0.7870067972319194
-0.9987788314112152,-0.510192073255637,-0.02140465411946193,0.8597940969610928
-0.995832601445164,-0.3740902938575544,0.40489990659475383,0.8343335769829284
-0.9965416318991376,0.1327370056341772,-0.0030587508415428604,0.9911465741143243
-0.9996474020333294,-0.5424461879142446,-0.6407507481367474,0.5433144687743026
-0.9984754031088418,0.15901342539310862,-0.873560955747178,0.46000650771356194
-0.9980231929975606,-0.5220835767506087,0.21212265591762106,0.8260948600092762
-0.9991953497468572,-0.06614544120707734,0.002129529154989667,0.9978077198103346
-0.9924853786787612,0.07968607739699692,0.4351994023213859,0.8968007634297532
-0.9990420835902624,0.9279099934809357,-0.34828542090921605,0.1329673252355631
-0.9976906876633508,0.16442093934520716,0.6033662023602869,0.780330045912731
-0.993540831280705,-0.1832209993984699,-0.03878688634974977,0.9823062876856269
-0.99929573989379,0.46138046507740316,-0.06161136224073274,0.8850605100713738
-0.993414582997044,0.9381624435427847,-0.27732288382523756,0.20722752624273896
-0.994423758815753,-0.16669741638436256,0.2431708010592866,0.9555521612570207
-0.9989748169629576,-0.15602177467863954,-0.19552145108496768,0.9682089485187361
-0.9905440834304018,-0.7018568483581537,-0.18185807496795342,0.6887122802605672
-0.999495716488469,-0.9033603481788226,-0.05942194006688347,0.424745940977573
-0.9975520306793424,-0.9207250189504464,-0.15574402998974218,0.3577837847097802
-0.8716070462740635,-0.659018770099847,-0.39443599090681997,0.6404018345800081
-0.9988066886912292,-0.062002601801945986,-0.26343501483690623,0.9626825387050855
-0.9956852657807224,-0.4409080238633779,-0.7698657287908084,0.46141832877150474
-0.9965549149240748,0.6064503717296913,-0.5172560002634851,0.6038743054811497
-0.9947036296926712,0.1360413744037544,0.06396921068984578,0.9886357693984451
-0.999950265290752,0.1909897599619488,0.8608903641196903,0.47158317670962785
-0.9985482764423343,0.28958847380042446,0.5576988565449894,0.7778884889560664
-0.999144042576233,-0.7318542365600058,0.6179862848917292,0.2871973678759773
-0.978506796046426,0.17123895738675113,0.654081765997245,0.7367864431862354
-0.997673794674576,-0.66277960235702,0.6689581820223951,0.33647904749740715
-0.9998299818970235,0.023490746472073745,0.9666429591739609,0.2550481803691081
-0.9979286824519994,-0.9359335156300685,0.05317506969169883,0.3481391478757071
-0.99068474571768,-0.5459393241764098,-0.1762457891446302,0.8190773322016619
-0.998384344938756,-0.1498277358508286,0.8744685274942732,0.4613636786655535
-0.9982145618305438,0.6645442642746721,-0.20036195367380882,0.7198861078946095
-0.9995832047686743,0.00015681089706287682,-0.14370183672461434,0.9896210171233808
-0.9985051066456636,-0.09563183428402174,0.047278777126890305,0.9942933518357946
-0.992565103464618,0.11189079220097897,-0.6995886292420689,0.7057309688938417
-0.996492578489672,-0.13863176382133344,-0.2793172958132139,0.9501384542893628
-0.9898260280732912,-0.39150570624785597,0.4477868122075106,0.8038720375709079
-0.99980006252205,0.9009798100979557,0.3642576935892275,0.2356941120539676
-0.9937382274123836,0.15556566683180487,0.2411256674471585,0.9579445369129354
-0.9970284438613988,0.8715484189338294,0.15734994606152616,0.4643752232068126
-0.999765751648394,-0.36020661195527554,-0.46549039853398294,0.8084366923738527
-0.9978947414766064,0.667049165814069,-0.713180574185684,0.2154504095863657
-0.9985583147422988,-0.7178306441327693,0.05653814942648606,0.6939182977868229
-0.986114048003726,-0.16003924048374454,0.6876963113378919,0.7081392694079628
-0.9948640875845152,-0.12711051444801405,0.8322390742788989,0.5396489973678842
-0.9962813683260056,0.40938926815143106,-0.01083343336195638,0.9122954915179773
-0.9976301503373464,-0.2671523749080087,-0.24014957748879875,0.933251192880546
-0.993161016598864,-0.1829360337542761,0.5315338355670481,0.8270466668826111
-0.9998765226367962,-0.17895536042070936,-0.9519496168918828,0.2485294869348335
-0.9995407495713008,-0.6413905590650921,-0.2515406421149692,0.7248071854683545
-0.9843970486638808,-0.4027858301965004,0.7683537244836435,0.49738931338040354
-0.998886666818786,-0.6375540324456561,0.7019198566939154,0.31754270656256073
-0.9979729351090758,0.3986985978782414,0.5586848435780104,0.727262451667992
-0.9923269833353764,0.32906938478407166,-0.36865466067288755,0.8693716588214678
-0.9978694331677356,0.3386842541399138,0.030582701359563078,0.9404029319261197
-0.9941870242119444,0.2907715209815824,0.8137365584667132,0.5032740168147036
-0.99927447458424,0.4250865991286552,-0.37991982641405636,0.8215608977664086
-0.9483690727876052,0.02464178989863478,0.41425359296082015,0.9098278644390062
-0.9967447230832068,-0.6828615510147683,-0.7202799248977353,0.12205298822649815
-0.9991515733350956,0.611954681204577,0.08987537716138029,0.7857696130112848
-0.9994610124095448,-0.2694656260338171,-0.352455927314214,0.8961936708587495
-0.990319794127108,-0.22721181491271905,0.16236805239426674,0.9602142504283931
-0.9993485560758384,-0.04449837769690686,-0.42374510504430435,0.9046877805814196
-0.9971678629489082,-0.13975521070997038,0.5022899786232098,0.8533306852880115
-0.9981033798243448,-0.26410808497100785,-0.250904657831236,0.9312860850090788
-0.99957512987855,-0.03480865039847478,-0.9087564249394475,0.41587271849534807
-0.9953739166142768,0.8120006342790698,-0.1787910451807606,0.5555976350683647
-0.9927296328642016,-0.3227838162887202,-0.21097230127507105,0.9226599026926392
-0.9971299394297364,-0.07548088007209751,-0.218616281390256,0.9728872279224545
-0.9624081850985404,0.6961397596176628,0.7177825561701474,0.013328058272378417
-0.9967640652470148,-0.14731686229303342,0.5606789364247947,0.8148232153870535
-0.9995652463483816,0.3381894556738195,-0.16145033602483802,0.9271254937000236
-0.9998801564511398,-0.46437718047162174,0.8823104594673506,0.07669476756428215
-0.998699671003325,0.08430018752323803,0.6417582340726554,0.7622596981236078
-0.9998222004618708,-0.03312894355025358,0.7905109039772437,0.6115512928547572
-0.9992456344323268,-0.2847570463308292,-0.5257052797780247,0.8015905334885454
-0.9991013379255616,0.2357988924187935,0.9584229774339886,0.16069934243996903
-0.9994635028302524,-0.9828121998636582,-0.17721703844464134,0.05171364504719515
-0.9763004945235724,0.7477019575257563,-0.14554907695481914,0.6478867562388911
-0.9941025783302488,0.9347395216408124,-0.34078064347462234,0.1006507809990937
-0.999698038175462,-0.7158750708188402,0.608327547429033,0.34272507643751154
-0.9825522988509534,0.7568619028218287,0.29795691537142416,0.5817058849962466
-0.98805101153367,0.561599102358876,-0.6764022295099338,0.47653590855642297
-0.9983189074368112,-0.16429642222603094,0.24381000154874422,0.955805089329685
-0.998007574204382,-0.7745953262335373,-0.6321625519400352,0.0193025516919946
-0.9966427680824572,-0.3589551347235016,-0.37638453083872564,0.8540994650513166
-0.9996003697510454,-0.4353047101692057,-0.6005291045063618,0.6707269220370471
-0.9960405539571976,0.2662935657961314,0.0566114122950185,0.962228083571429
-0.999558585658788,-0.15475506028897532,0.18551235644090192,0.9703793263063158
-0.9954093515495106,-0.9093843205546525,-0.34518426583010375,0.23209476545731342
-0.9995729272006518,0.3752747880292853,-0.11210656788137299,0.9201092059682014
-0.9876219487829824,-0.002452490700894383,0.19436511691769406,0.9809261881583818
-0.9973020765791136,-0.8309198552587739,0.15268779995902002,0.5350314288716248
-0.9975000846941954,-0.22778237988353284,0.7658488697887961,0.601324118972304
-0.9855699633817367,-0.0932743649243651,0.5040909174105095,0.8585989982711296
-0.9968481089238516,-0.8043676232607557,-0.5114606118276935,0.3023256012954978
-0.998884936973692,0.16510904105226798,-0.7673254485854265,0.6196375234893174
-0.9933508560663392,-0.5961926156293441,-0.3465315572412239,0.7242031792977808
-0.998556089764323,0.37212990074067703,0.16392368075445865,0.9135909171301148
-0.996904671282229,0.23848537030777184,-0.7550030802444903,0.6108150922910278
-0.9978007399071146,0.4369338023024865,-0.7971900158013313,0.4166256486489577
-0.998224571742603,0.6927108857022838,0.7051975589801757,0.15115565367514092
-0.999558392076688,0.23240971317096956,-0.07092317212329152,0.9700286742564663
-0.999841714719413,-0.9532462696352847,-0.19017904903560806,0.23484777779303317
-0.9935659634450372,0.7291875462117393,0.34621643709035116,0.5902708709890447
-0.9903754915211738,-0.10572318563333905,-0.3767437158702136,0.9202645166319531
-0.9997823936312304,-0.08711581905710934,0.0030079517840452467,0.9961936489940466
-0.966487579468723,0.37697082824785255,-0.43574663597849067,0.8173235980219565
-0.9982483307080088,-0.006623647144784032,0.7847868231473691,0.6197304006685176
-0.9980711207139388,0.46381169331084227,0.808237780183309,0.3628090459628678
-0.9972180220672472,0.3099770676964851,0.6499237801488197,0.6939115919909087
-0.998986993884434,-0.19376991353669662,0.6713098345322323,0.7153994175761454
-0.9962472984165808,0.040308606018518156,0.9349395136882218,0.3525100310987974
-0.9994568493860712,0.6799528495740191,-0.3520622135198557,0.6432078359035055
-0.999493423704808,-0.094357653705045,0.4624898838769947,0.8815893264432838
-0.9947432497775082,-0.08696896287660072,0.44267694719084855,0.8924536514138754
-0.9942365291720012,-0.532300144812486,-0.7886657992086189,0.3076732243651324
-0.9975199689110604,0.7561350301878556,0.6355460420801884,0.15601616749240518
-0.9997161086474476,0.36539808348964375,0.6693534800143329,0.6468772367109523
-0.9863091513372612,0.09547326938398347,-0.4203508625502963,0.9023247792155301
-0.9987035442082064,0.3978702374547145,0.0405223678658666,0.9165463500828926
-0.9997212178406752,0.02844091109633239,0.13283263687576963,0.9907303392733264
-0.9672319227031496,0.12636987651261747,-0.31378105599352873,0.9410484064115787
-0.9978810436690638,-0.11867275647338722,0.07431002998539551,0.9901488758336181
-0.997431388778376,-0.3225434496712375,0.5431946075657177,0.7751808443103478
-0.9992684311192034,0.10733278193017676,0.7128582375092534,0.6930460353672979
-0.9945290563215624,-0.232084376076933,-0.42786623178099636,0.8735372516856459
-0.9997629236402404,0.1959165559031632,0.12570635626299412,0.9725300073098639
-0.9992102326425336,0.7255656122915748,0.480227194247283,0.4928857719242203
-0.9771987156083712,0.009999584955919287,-0.3601105266254784,0.9328560536943682
-0.99873039006073,0.2048169877835804,0.29648285667595814,0.9328171938877006
-0.9924196913999456,-0.4397071125367933,-0.035846113197892,0.8974256021270842
-0.9629971083369768,-0.4544877045838837,-0.23763360901644318,0.8584702640440685
-0.996676035568806,-0.14927925835105263,0.4786611195905758,0.8652162941244554
-0.9977573663762966,0.9201078867811862,-0.1324084850620845,0.3686047609114992
-0.9471153233903324,-0.5781824842548288,0.11229514278214511,0.8081428189425754
-0.9997083791623288,-0.27377352171095537,-0.9605641108460611,0.04862764403605401
-0.996724375470602,-0.1918694434022153,-0.3053998005500091,0.9326934536666046
-0.9963785601100414,0.4476505144324487,0.6162330840938919,0.647970526333177
-0.9967528251953716,-0.9386771072011879,-0.134580042134708,0.31744842207109747
-0.9995924709471148,0.014183325777792487,-0.016383569391255955,0.9997651783913475
-0.9916072560081844,-0.11750636327444985,0.0726002528417105,0.9904147908211653
-0.9971472921354764,-0.8651858846528795,0.2583488922058526,0.4297781228650701
-0.9989670306942676,0.05734532218746519,-0.1684617730759867,0.9840386908223225
-0.9963642342148497,-0.933281582735979,0.22898850379568014,0.2766762592909654
-0.9999064588342248,0.19518321622592844,0.41717833610056293,0.8876180191907261
-0.8289950403819216,-0.13762850518866726,-0.10510309223784721,0.984891737482641
-0.992324484732664,-0.18992006478386408,-0.7236824333663904,0.6634863258797373
-0.9987546332102196,0.016827704186233968,0.03108593540494546,0.9993750512154184
-0.9941799294982626,0.08411299484925457,-0.9958634435276431,0.03436576701826943
-0.993210954119866,-0.24445601620523044,-0.3153167035987028,0.9169605403574986
-0.9992730550756622,-0.09932766604700728,-0.04008024085975871,0.9942472474441546
-0.9994703381393888,0.06359224376105044,0.04446169972374065,0.9969850469245319
-0.9929158725501634,-0.2404654704837943,-0.553528457617339,0.7973597708141396
-0.9955997213105784,-0.7704779563497723,-0.04585172671139719,0.635815490481839
-0.9998810260814402,-0.2412656962944541,-0.1371034579559756,0.9607255100225383
-0.7941771530893795,0.9290301970359772,-0.26844231583373884,0.25464016977906806
-0.9969503095137874,-0.6238203518309283,0.5890119993654519,0.5137246667671795
-0.9788845130701728,0.014962184044500967,-0.06013222444379814,0.9980782778079379
-0.9966034739155964,-0.019134364931958067,-0.0008370638920999774,0.9998165708782243
-0.9985452370936182,-0.874502392398893,0.2648556834669405,0.40632134158061683
-0.9973565469730225,0.4845760155658401,0.2095452634400605,0.8492802056495667
-0.9958543774736976,-0.37389308299464125,-0.6252090514810233,0.6850675911433568
-0.9974882375521938,-0.14390649105546932,0.249677093280326,0.9575762480989122
-0.9992591366841268,0.4871067283781017,-0.09271920560326721,0.8684066927892031
-0.9978100481306944,0.5283028030082328,0.8430085742192781,0.1011567700474092
-0.9749402931983666,0.03252249454775382,-0.0017957566244639538,0.9994693905300637
-0.9898832905186218,0.9202191701092384,0.37600317395879695,0.10871196868963046
-0.989742284141042,0.6908834283395368,-0.5035523732315951,0.5187630440370986
-0.9995117128035076,-0.4257294212715694,0.5519660302537719,0.7169992756688579
-0.9734387944000932,0.8072797120511621,0.018850678200287678,0.58986788219226
-0.99659655557125,0.7281346944632382,0.6085909983528983,0.3153361118596302
-0.9810061259406556,-0.24103655457837025,0.252102992674784,0.9372008645116617
-0.9924209545487872,-0.5545599073622647,-0.0528620168121354,0.8304630734264528
-0.9922641057041636,-0.6594614250463728,0.7405122337160622,0.12943052419215126
-0.9995078378684352,0.33394708405520857,0.8228673554615258,0.4597484751108791
-0.9975373393923852,-0.16541669367942322,0.07583798024003195,0.9833035737783528
-0.9979874050721382,0.327660953721676,0.393256152561149,0.8590622200277486
-0.9989396012124022,0.38540242133340386,-0.7416874453341697,0.548966945329154
-0.9978774187972588,0.5795692995942499,0.8147841977259166,0.015037888946432274
-0.9929787877257968,0.9857322159753139,-0.1619623279117417,0.04582796881606801
-0.9987461846229586,0.8733619398411909,-0.4109529662049295,0.26145091624280464
-0.9994811544016317,-0.3245601675304962,-0.4674096418408877,0.822307074253134
-0.99470754290108,0.2136033387979216,-0.500022241256711,0.839256439893669
-0.9211492778158812,0.7009411176017281,0.625510434951465,0.3426634579614078
-0.9995975049096162,0.9844859920022914,0.16481143023705433,0.060204019919611225
-0.9996902389186092,0.14316415349289852,-0.31313426084268814,0.9388561976368719
-0.9922683405964168,-0.11241459688558522,0.678031351704582,0.7263858785196122
-0.999997030651776,0.5236100516707319,0.7568057128512897,0.39125136010629363
-0.9849726335582648,0.10871476132298766,0.1404705978801392,0.9840981210233469
-0.9997235805149868,0.01095146693641852,-0.33362033603018576,0.9426439077186286
-0.9962459055521556,0.48121742117739597,0.26743989906606097,0.8348087768722319
-0.9992620757530312,-0.48772757808623074,0.7227513269040616,0.4896451051859476
-0.9864124380442664,0.347369571622682,0.2561376777961438,0.9020686618677501
-0.9975471267842972,-0.20318695722956148,-0.8829185263961147,0.42328469870561775
-0.9932086046400824,0.8817619457881908,0.06605731095621437,0.46704636025672835
-0.9968639418724232,0.21904201722843017,0.058566481809563475,0.9739561396166412
-0.9983319523422604,0.024714533992408364,-0.18054018584821985,0.9832570534216515
-0.9938655591651396,0.3225376658472018,-0.9435954531470755,0.07481360110303426
-0.9988121972269622,0.38602112919313936,-0.734259413267318,0.5584360320079529
-0.9946886763749582,-0.02416848580779885,-0.011487917175707213,0.9996418919056576
-0.9910595500944512,-0.017958884843322195,0.039358008592572595,0.9990637745483575
-0.9967521475726204,0.26749390006515816,-0.8209639349784232,0.5044454687007055
-0.9962198973766792,-0.9177128586836579,0.18153444790299403,0.3533388645920847
-0.9991249463182404,0.6423254120474435,0.057898294018508316,0.7642420117919639
-0.9936638857882476,0.002555704744472547,0.7490185070708877,0.6625441452752847
-0.9979020841330374,-0.8040085012632718,-0.1596460064487579,0.5727857212966734
-0.9979381727113648,0.3857588237029973,-0.4563664994157918,0.8018227660438783
-0.99675302488728,-0.953916572755006,0.21212284859518898,0.21224294882800243
-0.99953693344363,-0.414590586537808,-0.29355836633482013,0.8613583058803507
-0.9960550578007844,-0.42275392787190436,-0.8967750887579762,0.13066582051937153
-0.9990052127628822,-0.2630926448419222,0.5733892970106297,0.7758910840470704
-0.9941346898432394,0.04793093559677539,-0.35116694896783923,0.9350852364172139
-0.999583550359881,0.302714149232957,0.11470641153472533,0.9461535726334247
-0.9790309288746092,-0.6690953260796165,0.29590051683197993,0.6817289261553882
-0.9966701411826006,-0.8501271313320344,0.3407186207856055,0.40149057526064136
-0.997529622753747,-0.23957217687831503,-0.12863953861395608,0.9623185757175083
-0.9878699166658286,0.09977768801384838,-0.20163340851399802,0.9743656303183309
-0.9962776561276648,0.8011555924179787,0.48609276850000577,0.3490895832725422
-0.9988508074370828,-0.49525245112266364,0.6785886745138262,0.5424411677579072
-0.9906914453554329,-0.3705721710149426,-0.9248927654585274,0.08514480883617952
-0.9703929410941076,0.9126869399564983,0.2897271157473558,0.28820261628507393
-0.9993571212245196,-0.2118971421749245,0.6485368609547599,0.7310947552274235
-0.9452609614410744,0.41803589348057113,-0.2906419900875917,0.8606818374752804
-0.9988394850464812,0.7447584044908545,0.19294859214571233,0.6388315581819861
-0.9964187307256342,-0.5232143918589571,-0.6992150888182628,0.48718062330159495
-0.9892749519142154,0.8520507124574781,0.05903364875414678,0.5201198051559621
-0.9877872135776502,0.7141743537831301,0.6957337612156089,0.07687344081820899
-0.9956669697535616,0.112530489802545,-0.6195606172559264,0.7768407368375161
-0.9968440841593472,0.6147900635478893,-0.061806823661075136,0.7862652824026449
-0.994437570109568,0.2209589864153198,0.5544404238980316,0.802354624009911
-0.993796731200704,0.4324381089727005,0.7957642867521775,0.4239769826746648
-0.9982251395662296,-0.7858346360025631,0.1943533313048356,0.587103659901241
-0.997487185456318,0.25466348814076273,-0.19579924584409172,0.9470000861324483
-0.9961423503686494,-0.38373013506496945,0.8895481326859955,0.24790180128002026
-0.9938766051391476,-0.011669596978423496,0.028424437083353633,0.9995278244665606
-0.9980438004782514,-0.34222653157225275,0.3215827137436125,0.8828734673266151
-0.995076557670715,0.7705830015608012,-0.016087518152030546,0.6371365861926738
-0.9211218838499758,0.8799065842614812,-0.07399741272906389,0.46934932180913763
-0.9994132166875804,0.6064032277299685,0.5853800251005139,0.538149934137316
-0.9991741252498296,-0.918955231008047,-0.24657691303242565,0.3077679472627821
-0.975193579375673,-0.05231635366279282,-0.4190898090510626,0.9064362807660412
-0.998970220749032,0.003989282064064925,0.011401485958590802,0.9999270432119283
-0.9876870387820008,0.4447948752056231,-0.8830222388336357,0.14976396334248
-0.9991341212686984,-0.5986917957891335,0.1591953519339615,0.7849999831703213
-0.997299502866998,0.6796104522292113,-0.15396956850402474,0.7172328807266796
-0.965590000489379,-0.1563038201868315,0.7346274109899192,0.6602209348523045
-0.9982265992955696,-0.12043248073049985,-0.9490615497134359,0.2911669494304415
-0.999715518624716,-0.39205691158533856,0.8948546591295767,0.21336943809331033
-0.9948070380391923,-0.6661833950913904,-0.38144098382579644,0.6408607180679099
-0.9769397545932316,-0.3034704100500266,0.5252164763490251,0.7950178382876593
-0.9868040553275448,-0.6732805731615816,-0.15866954733808317,0.7221615086327572
-0.9979751077924128,-0.8058708090062154,0.03635752888198184,0.590974085121559
-0.9931346241046132,-0.12411868409103498,-0.14683589291979196,0.9813428416256763
-0.9982855972548588,0.5947239769760535,-0.3944451290618232,0.7005115497757252
-0.9957899307972083,-0.1884795897693923,0.8388689896337389,0.5106606137849596
-0.9972937053109696,-0.18995305604383053,-0.20205342925179112,0.9607768982584879
-0.9998159365646304,-0.06950739426431364,0.04721973621929311,0.9964632550445428
-0.9990994142271262,-0.6183414026314953,-0.10218089953676003,0.7792387141060009
-0.9872503019154804,0.707366017152548,-0.13854862573316534,0.6931360588551085
-0.9902651769331644,-0.3413374791093956,0.28126905555457543,0.8968703606110975
-0.99369409662348,0.3713846732960386,-0.8027115210936772,0.4666129427526307
-0.9927635441775756,-0.054843853876943245,-0.010774895581678556,0.9984368048690555
-0.9974580047214688,-0.030038396518395953,0.08215131102207969,0.9961670827888046
-0.9993612571229864,-0.31759323465474715,0.06856805074891818,0.9457446588366378
-0.9991145106971488,-0.9038182755804963,0.4269521105830896,0.028712714872389702
-0.99013614104011,0.803782281517469,0.07307037082668065,0.5904191433429505
-0.9990705736434792,0.3237065373281698,0.2304422036543876,0.9176657716543186
-0.9857750043208714,-0.8498138265294527,-0.5126904109197508,0.12233152819411079
-0.998133132899836,-0.052104369086414026,-0.03264886231058651,0.9981078030513193
-0.9965015487277404,0.41560790123829794,0.7511216301104187,0.5129194568434351
-0.984188229773565,-0.029454033496568756,-0.5538860044914526,0.8320713634895012
-0.9938420852569876,0.6886625381805879,-0.23291851772443065,0.6866533860746079
-0.9989873297296183,0.27072392379538035,0.1559498923681842,0.9499411498378122
-0.9993594509798562,0.22482716805433467,0.11449761816786332,0.9676482005039612
-0.9993021710919372,-0.3321223059847131,-0.1449141574490741,0.9320379074041042
-0.9997419371450796,0.344062253487951,-0.49878785174369605,0.7955072876333074
-0.9985960957336456,0.45156604628162145,0.87551790641229,0.17192004361628407
-0.9837446417038818,0.9655310110655352,0.22596480226135152,0.12918891132660562
-0.9938891745303314,0.23471134431341945,0.8286940838441645,0.5081109133371061
-0.9995581021939473,-0.454703575426315,0.20292271302159404,0.8672179835741883
-0.9888503881868728,-0.7703801342058887,-0.2716658642407359,0.5768120205294364
-0.9966194374534302,0.6142570404809211,0.016465395643885123,0.7889342044593518
-0.9965054459373526,-0.04695126270468723,0.3389011704920593,0.9396497089711398
-0.9847145348586632,0.418639529382856,-0.8357779536355913,0.35526913270759164
-0.9969820155890908,0.9092379955597922,0.10980204393681028,0.4015342807005524
-0.998486541370418,0.9690485778863743,0.24492822718567248,0.030903352958526753
-0.98942753915758,0.19653973403055014,-0.9794147264424284,0.04603179960531195
-0.986369665225977,0.6576821078182249,0.027138369646792598,0.7528065846873889
-0.9981056917367016,0.20385928059180347,0.6003299918810512,0.7733338829798481
-0.9993524751228282,0.04850401655024831,-0.01781287714896753,0.9986641386302849
-0.9960511807830948,-0.05241175723472904,-0.8276318557701661,0.5588188606498521
-0.9993324134696626,-0.806078792749896,0.5883918492903928,0.06349812255100061
-0.993335079431493,0.7060718014965446,0.6120510440778585,0.3561686827538708
-0.9977724913600498,0.5330610229470392,-0.1588033060597991,0.8310399844767603
-0.9909122571553824,-0.59570308775503,0.7685722922344351,0.23331194321900664
-0.9993420718325636,0.6344388222994073,0.2915482332961136,0.7158819793941289
-0.9992364640167144,-0.9602933975850213,0.16967886619246292,0.2214625767985565
-0.9976941707910668,-0.5698554696974076,0.7811367743374517,0.25512758265939794
-0.9968804716551954,-0.09637246855752007,-0.43753018527828746,0.8940244315870105
-0.9935314541841112,0.6257275798715005,0.2177348046274692,0.749037082287648
-0.9989877800783284,0.9746609082507419,0.2236865079647204,0.0006782937327982084
-0.9905809852205978,-0.8019491949014136,0.4235566134752708,0.4212805288383675
-0.9998891151761584,0.8973834093596915,-0.24120334235535362,0.36949149414104576
-0.9985693280523824,-0.0381399676098369,0.03228134517224768,0.9987508486227137
-0.9952162910699844,-0.10945784718715103,-0.0910631071137425,0.98981134071698
-0.9985225687110888,0.8111193976585923,0.4918497890841718,0.3164950358533579
-0.9970504241078028,-0.11877772109427247,0.20237344283247438,0.9720786195610839
-0.9983795325107052,0.2573963697322991,-0.4410055925496026,0.8598029868455956
-0.9795651943736952,-0.12920699483845854,-0.9258629555614357,0.3550821595122143
-0.9980214103735412,-0.26674569619418803,0.8516441680485558,0.45116398857927614
-0.983890450558636,-0.42726735081562617,-0.11829162735802426,0.8963535584935148
-0.9962442252729244,0.778602351269412,0.5964334058051576,0.19505273911792026
-0.9994026230667508,-0.1257238879978823,-0.44699168445324455,0.8856590416273901
-0.9992665312993948,-0.3959186342633538,-0.4623953113277607,0.7933719248279107
-0.999265086539984,-0.9592442351845208,-0.1623823907504302,0.23126274330172236
-0.9943112498646816,-0.6329881946777596,-0.7727451643225268,0.04680658516428639
-0.9991272394844604,0.4722625776208758,0.20217428430377657,0.8579589830202502
-0.9935578085557224,0.30443355193900357,0.410229258895133,0.8596698014936618
-0.999376780664902,0.7795542229034886,0.3745327865796272,0.5020163397044337
-0.9960597689911744,0.010828058117783815,0.4958893181948695,0.8683182234973681
-0.9851530404764144,-0.04496707549900427,-0.24664340796013068,0.9680624935565262
-0.9938313694102732,-0.2542227178313872,0.3762879515524008,0.8909423029887631
-0.9990702913942486,0.5225392317974382,-0.7435352860983204,0.4172625427224831
-0.9999402216491488,-0.5341732745498536,0.574538904300419,0.6201322118725657
-0.9956466917635696,0.3713544877960231,-0.33117311947446715,0.8674215868488078
-0.987521316608956,0.10870486661056904,-0.11121586921761487,0.9878331247783447
-0.999219019763624,-0.273994703519243,-0.5997835426596528,0.7517889360705161
-0.9989803051311992,0.3453459757906198,-0.0034023532747704493,0.9384692754679922
-0.99042757501098,0.109127065787322,-0.4121815609978565,0.9045427818992421
-0.9955373685753816,-0.9235065474580356,-0.3371985006063667,0.1828464601542978
-0.999159944669936,0.800121472831519,-0.24304193176962052,0.5483942451517994
-0.9988242282281568,-0.022630987095548828,0.02866174206742391,0.999332949003855
-0.9817015154222274,0.38196607790428666,0.8876054902034578,0.2574070882689439
-0.9964347446144896,-0.5588902192659966,-0.40490012651771995,0.7236695449960159
-0.9999617046402648,-0.12478805058496999,-0.6804576548640593,0.72208401337248
-0.9973985769490932,0.28663209512703297,0.1147243689163238,0.9511468662724168
-0.9990456717711004,-0.10875575631209496,0.990199417175481,0.08762020140539631
-0.994365072312508,0.24702918398514742,0.4754055176518881,0.8443732445108457
-0.9957430878318648,0.5787617709671977,0.481920190672666,0.6578660519352966
-0.9948877708768172,-0.6050915670631496,-0.24064076228203896,0.7589177946242802
-0.9827405484758052,-0.6502171887297404,-0.3317178891166577,0.6835062907686964
-0.9987515299163248,0.07933908728051248,0.5050197790654238,0.8594535077490846
-0.9985030885548968,0.586193895645694,0.05553078197287522,0.8082654569887335
-0.9715756657854544,0.0540220785125035,-0.012933645054653341,0.9984559759242213
-0.997426618981567,-0.6368282786213095,0.029076030145102356,0.7704572201097352
-0.999981380937222,-0.4954599764973675,-0.38383549082423774,0.7792237981946808
-0.9943134133968116,0.9650960859282683,-0.060923545342805974,0.2547113396549115
-0.9922123972549944,-0.5441395625340643,0.5424636365380516,0.6400354205191693
-0.9999135084566564,0.6835893309745528,-0.245893855980912,0.6871985434855067
-0.990360222537157,-0.06329538632019313,-0.016367080748048206,0.9978606178912787
-0.9929158085727152,0.6702917513794778,0.39091484274698884,0.6307888345181208
-0.9947709267551876,-0.1685424076540219,-0.4790129338994964,0.8614755167613193
-0.9880693849391784,0.0010557395813810815,-0.009566000361397924,0.999953687453085
-0.9970496154987292,-0.4050904240983773,0.9052898496948996,0.12787508100948783
-0.9999829471995644,0.024517735066712655,-0.06961830572198466,0.997272366094438
-0.9904921451057952,-0.10477069950472617,-0.614148595626751,0.7822049622796955
-0.9961660386569812,0.7318046325473472,0.6665124631532723,0.14220800344425014
-0.9983512405258438,-0.10578720915921908,-0.27969490807061004,0.9542430637828481
-0.9985471749568487,0.20712531365489828,-0.06380620609037338,0.9762314646167234
-0.997869841442332,0.1377985856956002,0.01789535696079934,0.990298594354015
-0.9928945164785512,-0.6571508362013478,0.7428829514179965,0.12758408588987766
-0.9831463804337414,0.10608355346850078,-0.175195523452546,0.9788017205980403
