-0.0797043544075972,0.91936566581882,0.29022326392859993,0.2655884590642975
0.3891219157787643,0.27048121438520184,0.9255488624331085,0.26495134631378114
0.1359190720325186,0.4866587082445802,-0.08296446474489474,-0.8696437197377497
0.1728903637966976,0.08631936847721562,0.7099645207981031,-0.6989272822215588
0.0016419463441071,0.9102969480252012,-0.36564914371869917,0.19406228410947374
-0.047303785136172,0.4658342717975965,0.8108362813258209,0.3543204144619912
0.1010479794024176,0.24912649972938447,0.944356703765956,0.21477058268041105
-0.0280297102080441,0.9532700551210428,0.08941079147025761,0.2885860571444612
-0.5655185683371343,0.762647707913749,-0.5207488273655752,0.38365235879801846
-0.0061202324079663,0.9823913761343549,0.02435075584938706,-0.18524099110729228
-0.1542972948376771,0.2529302050078484,-0.8340896691040709,0.4902251883456718
-0.0947624415222191,0.8821998645131537,0.29109154730439524,0.37012039952008374
0.0594722714917772,0.5930812768860807,0.41508213868274335,-0.6898995703388544
-0.1014852124166571,0.3038120574374504,0.6535707584541601,0.6932124475579454
0.1576926336255537,0.5518662994414619,0.7923724038395511,0.2599799245601821
-0.0467371745626636,0.19771118841057017,0.8934382101271453,0.4033341674865683
0.0744914401934724,0.9534457678520407,0.18964717448433552,-0.23446773120227107
-0.0207108991955068,0.9086214748038536,0.3161438516726928,-0.27287374475171555
0.0508867432634792,0.2487901176479068,0.9624429827979064,0.10865993844931704
-0.0279780677996344,0.5849683797606509,-0.7709847506934785,-0.25178266198909277
-0.0073105192161621,0.8883398286315639,0.26892677553143307,-0.3721971766001319
0.0086732340570864,0.6106722601959875,-0.5474746495202788,-0.5721458719240854
0.1586406552334225,0.8916721871190837,-0.3995227551717854,-0.21284331988158675
-0.2880914541668999,0.7346248615833164,-0.5795075599786351,0.3528417501817236
-0.0222400482523616,0.18698118603216646,0.26950280825377126,-0.9446725741828941
0.110607129896694,0.993051090834605,-0.09049781364186243,0.07523082292680192
0.032546479877616,0.30764573793025,0.7894652781599755,-0.5311296211972597
-0.1191636639846724,0.6725379279715497,0.4977283660361031,-0.5476853193967915
0.1203831108769308,0.9363164314469659,-0.3369444065904928,0.09889391826497658
0.1502453154285947,0.9752593124225211,-0.2209865742766124,0.0058487197435634275
-0.3100413172607135,0.9811933379175859,0.03463541402541643,-0.18989476486052514
0.3220363321887661,0.938194836995396,-0.3439269287422747,-0.03879066280806103
0.1039246415411087,0.8207236823504799,0.1339379568772782,-0.5554036918644031
-0.0441408509833957,0.9862172755981473,0.14310424117783827,-0.08304614060077085
-0.0140728998104127,0.3760691337674112,0.2878810683671282,-0.8807363380167925
-0.03579474577816,0.4427222436485672,0.7697053771262605,0.45994635274312146
0.0445570078699944,0.7054382345838474,-0.002296650901917298,0.7087676788496069
-0.0853674022003836,0.3561399851917763,0.8537553997963012,-0.37982368049696336
-0.0454693010756265,0.9921996710675838,0.12465638790189283,0.0007731032476144652
0.0732652179469854,0.9736767689903553,0.06280605911526835,0.21910944403861674
-0.7042546851677575,0.06216980951506974,0.3539514613755359,-0.9331951981096894
-0.1469627199449016,0.7528218752354594,-0.22173190530168324,0.6197533270086186
-0.2924239126679337,0.504732543164892,0.17291394467191692,-0.8457811936950936
0.0033686862699967,0.5338000912613636,-0.6215663459134907,0.5733347540461076
-0.0633969656792865,0.13349618802836036,0.9864412237664775,-0.09545930984451435
-0.0276472389298848,0.5510169134294759,-0.3770019399683318,0.7444796158221982
-0.010190680713696,0.9528977567136198,-0.17243538240867937,-0.2495033148952608
0.1597642394395491,0.9778880114950262,-0.1367684817427503,-0.15820688789078177
-0.1980476299506963,0.0729114123633711,-0.104012648053663,-0.9918998412098086
-0.100981487196201,0.9668718559335485,-0.15691406547079823,0.2013375033644788
-0.0284013016638551,0.7928530735623739,-0.5673184749314844,-0.22256179309151805
0.2818753622537156,0.5143471961948247,-0.815241845951129,0.2661347297455146
0.0950375315356916,0.999390518576293,0.0316293980891539,-0.01477066539889043
-0.0496075401734207,0.305340510306059,-0.751991003277875,-0.5841889281347006
-0.007017755301698,0.8817011386781487,0.23998683054423356,-0.4062135192469463
0.0616897403123011,0.3709495287702127,-0.8652744782685776,0.3371891522012501
-0.0408710888111597,0.9784484059160278,-0.18213596872711407,-0.09728928952469504
-0.0167459991679643,0.5709504961146487,-0.1730299907273384,0.8025435522732295
-0.0276254817170022,0.6221367959917342,-0.7827931452083172,-0.013442428649974584
0.1790596935497806,0.8332722760371998,0.5257155503794292,0.17111538235073595
0.0719056972924594,0.22665544980843041,-0.912049180080651,0.34175078666529884
0.1989264900134028,0.5287561390545771,0.8284031613574059,-0.18483816614853246
-0.2399274892764139,0.9416303919559116,0.3130361565147649,0.12385705332931193
-0.1593699492125823,0.3222900048504172,-0.3585093359813642,-0.8761279637060555
0.2560278861044381,0.6424672623225316,0.5679074778471149,0.5145064756143696
-0.012663050918896,0.5103038558364422,-0.8157949908042155,0.272155300696513
0.0886820147281752,0.6220545243737289,0.599241276663344,0.5039425176040014
-0.0126241846312317,0.8588151290227297,0.2706175106497852,0.4349744096971516
-0.0763733761940905,0.030589267037835044,-0.8288404477477989,0.5586481978126453
-0.0647850714975345,0.1740795396783032,0.9243389570291582,0.33954941670342786
-0.0163260427450055,0.9797756100248538,-0.08466115266189533,0.18130704131496042
0.1482126252372926,0.6114611041293712,-0.5037284565322239,-0.6102236968657918
0.0379823648968412,0.3331411269465785,0.9324868758189165,-0.13958945505388282
-0.1127822774036309,0.4497050957261666,0.21552951803055234,0.8667827604050724
0.1952407843244159,0.9747073837572755,0.19990964648086865,0.09990820433248372
-0.0253249878819631,0.34745502021321695,-0.2813053106558719,-0.8945067529792251
0.0073868044423289,0.9580052175335743,-0.19531216586402217,0.20995037757516388
-0.0459937209545052,0.5658780368205709,0.8186504086517781,-0.09794669906828597
-0.1486472252654142,0.8643107108696763,0.007047311485018195,0.5029088689581722
-0.0976716260825977,0.6521811513528232,0.7413568551637012,-0.15827115694874044
0.0605605132048142,0.6685431619459118,0.7219349875895704,-0.17849345732941885
-0.0867759573955822,0.7686640620415511,0.5777408106379016,-0.27453800365203124
0.0276510004834946,0.8156087518902522,-0.5507369845606128,0.1774010644756917
-0.2466993593878896,0.9985532265376625,0.0014075022423009687,-0.053753815759083654
0.094297710644484,0.3525057544596273,0.30890077165721563,-0.8833572359710571
-0.2507225963110291,0.35402851820297293,-0.11370874651741267,-0.9282963585323633
0.2587605413999356,0.6984509971251258,-0.025184925242660257,0.7152146000715023
0.0776903859366897,0.3973127476514606,0.4956220546015525,-0.7723350047396418
0.0170328405955011,0.5562704806141273,-0.8299993087290465,0.040795831976229206
-0.052304220936635,0.8738004124755115,-0.04820063902284853,0.48389000563704027
-0.0970180920495795,0.5979875911157453,0.1451971553475868,0.7882440148523533
0.2896680855626093,0.8688282719815539,0.08599841768848167,-0.4875876392615225
0.0376893633128473,0.855398378075379,0.5169370464449288,-0.03270634187439128
-0.0998679811095777,0.3060820177468172,-0.4983222691391768,-0.811165035299241
-0.0333004617816611,0.6032609884001272,-0.4073050953181234,0.685695806609896
0.0538793770103422,0.0307581859607752,0.9986211261082785,0.04254151486061969
0.1387777631130297,0.344987269021999,-0.840603968047423,0.41757484732161504
0.1451926863595588,0.8471673587140015,0.004413602486935843,0.531307807624384
-0.0341157753879568,0.6979681530957434,-0.46151953802119444,-0.5475766369092275
-0.1433673179081249,0.8064796187142448,-0.1955827576263668,0.5579767105514281
0.112509594407977,0.14927522766594184,0.06284090139724949,-0.9867968015335591
0.0129669352435383,0.9999083691188914,-0.012875358474247672,-0.00418073081630877
0.1140428317705039,0.9057101568259855,0.3736929004437323,0.20010679143946966
0.0255901265302343,0.4002438099247612,-0.6640856147271365,0.631502326939017
0.1156024213194705,0.0888162235121793,0.7967517641386385,0.5977443473450852
0.1164777819378033,0.6509240355074978,-0.05290487746887512,-0.7572971503568708
-0.2095047488000882,0.9589593364599212,0.13263212268881866,0.25061067624386235
0.283628256504822,0.8962738308979982,0.17126378451313748,0.4090989319977065
0.4096900382413975,0.9584311811978768,0.1915210867894567,0.2114931304383856
0.1375896536807496,0.8288823774878986,0.3727221429611018,-0.4171716774140986
-0.0036272210896209,0.06097170743296136,-0.9920920975450176,0.10970743311843757
-0.0282833336129871,0.16995728609374489,-0.9223503750265605,0.3469644168960446
0.102651153558273,0.1614326460657354,-0.7397614372439855,-0.6532170517913077
0.0003018411298818,0.9252397159553818,0.3458785890705842,0.15588287154574207
0.0672483197715558,0.4995680782693307,-0.7877163278624546,-0.3604645918716259
0.1625352515046404,0.6434597990044256,-0.4734318977153388,0.6015161887188383
0.0753774426025604,0.8675380114298559,-0.019668148423173708,-0.4969818534533583
-0.1833705246843789,0.05554775392660728,-0.6882255957098838,-0.7233671104242193
-0.1287707444276059,0.3127945126563078,0.4964919672454992,0.80972545922232
0.0782589995130605,0.7408026041903674,-0.6684629646536181,-0.06609664523457777
-0.0029668216292605,0.9314025374216477,0.1399732540460375,0.3360011926113949
-0.2154024976991434,0.8699980731436964,-0.35115603052653166,0.34611095757156424
0.0811028085769762,0.9829801062686313,-0.16896164252947812,-0.07212540491290916
0.0567196422584389,0.7398899114409729,-0.5508745012116346,-0.3861349542099266
0.3113929780127457,0.0996482632006132,-0.1425988414520813,-0.9847516407996615
-0.0512549291458141,0.927992414256757,0.0010566131833622534,-0.3725975880900144
-0.0162268485709177,0.6146048206865132,0.6994819491172047,-0.36467234231306217
-0.0095781434317767,0.47204172284696033,-0.14818873683131345,0.8690320535906677
0.1995541097691706,0.8403941135616481,0.3701365200470377,0.3958998489749658
-0.3474770413034893,0.9849083035799303,-0.13814431968559895,0.10426783050350087
-0.0235459131917464,0.0931781655735393,0.9942409813677072,0.05294053673064382
0.1592830016391992,0.8982845773523634,-0.3702414990878923,0.23665597487499865
-0.1373987186857101,0.004791643616619958,0.8344064919251426,-0.5511287021963456
0.0772074675726443,0.08469477880095767,0.20739253997702825,0.9745845929449806
0.061513713500345,0.6120516680508358,-0.633809684258313,-0.47294612777415473
0.0350459354448097,0.4866257574084333,-0.10746970524929245,0.8669749908044053
-0.049126842613691,0.7268137866424464,0.4880238368906468,-0.48329541087517025
-0.026040347113488,0.554611661289602,0.1854880387046719,-0.8111720487412531
-0.0294444845219267,0.9343004756986364,0.3340737626190398,-0.12440796694287377
-0.1580718506562814,0.07236045036192842,0.7296440216297665,-0.679987916748055
0.0118249714427347,0.7540521271540911,0.05838837052207204,0.6542141757270075
0.1465346972614549,0.9879704925695405,0.150329031352093,0.036269658733451185
0.0173899563922903,0.40898544518433855,0.6033175605071351,-0.6846450370893575
-0.0431423532323822,0.8680516129334997,-0.4741937339321051,0.1470601917008045
0.0080477225575817,0.06299298047186713,-0.30432683345119677,0.9504825421083958
-0.3372151427019744,0.7147502348855731,0.4492805296987249,0.5359842417129921
-0.2146962380895211,0.13789801416724898,-0.7703919225792887,0.6224792553276908
-0.0086785964812729,0.9990592170372237,0.04324652607774474,0.003227822048478325
-0.0116949622837662,0.9445087467870794,0.1882726106303387,0.2691777318597093
0.3737810014505736,0.9980496201353634,0.0568838582033472,-0.02571346774665562
0.3773351600573738,0.5983851459480721,-0.7249022430885308,-0.34125057519939933
-0.2035601966981667,0.030315786566798997,0.4229243484869198,-0.9056577435995071
-0.0422508023020032,0.7754922523633152,-0.5830639552681531,-0.24217388503207632
0.0200643083394968,0.9759335292896246,0.2159428571477814,0.030371513876496472
0.0781601778639073,0.9635403490178442,0.13258071326391527,0.2324055728355116
0.173979767204618,0.23175865308462987,-0.27558754736713176,0.9329198413886196
0.3058358691773852,0.8670693923938835,0.30361140274352927,-0.3949820057898944
0.7604809799558645,0.7173820863431468,-0.25564265012787574,0.6480816134018541
-0.0288209003404005,0.5942465743889603,0.6287036083819568,-0.5016002209274761
-0.1152731347282735,0.9848163385591745,0.1205528589226406,0.12491512123229656
-0.0389650927851817,0.7873963725945688,0.19984278237113584,0.5831550520736983
0.047952275312961,0.4469754338628988,0.03855261037737377,0.893715087573307
0.0084667190618796,0.9250432379372705,0.22480535520615968,0.30619856338193796
0.0868680167868441,0.5170432173609592,0.7193196814687635,0.46394558649986595
0.1018019472854699,0.10142619874419656,-0.6039936536367894,0.7905089452844826
-0.1316507541247681,0.3456239370992944,0.6969509308628243,-0.6283339033296116
0.071654023470859,0.460045858273112,-0.7858081765524056,0.4133561635552797
-0.0957210103210319,0.9939287007683287,0.10752464182735612,0.02332786292999706
-0.2146402073230732,0.9947893644516339,0.03829347644051886,-0.09448666591648594
-0.0868131771379374,0.9372990039793032,-0.29154717889396237,-0.19097334792681933
0.033898464854192,0.16635454707611522,-0.9333892749733552,0.31797897105282735
0.0492875900196471,0.07931296792030892,-0.3996167707022473,0.9132447041692493
-0.0110545124277682,0.4464974526875451,0.0330031914786188,0.8941760531884977
-0.00146480284416,0.8785619535176273,0.3397230389398149,0.3357337496362072
0.0280920125553749,0.4403135429838628,0.8972765995194201,-0.031916889257321286
-0.0148200339586771,0.9144289993382896,0.35598605534989697,-0.1925968160837411
0.035060688920723,0.6048776692437777,0.04909237827840886,-0.794803713910035
-0.0817280966776106,0.920462401590363,-0.2633026384506087,-0.2888263974145184
0.049746008984488,0.22065253353001751,0.4037513682373411,0.8878610770234606
-0.1414091323275178,0.45752456711128436,-0.8390335990433315,-0.2944382620618892
0.4495772772469892,0.1734981494370686,0.5653140452452184,0.8064232278341192
-0.0568238164970669,0.9943720832337877,-0.00504803686340772,0.10582380360355129
0.0301003545264555,0.6375870668158785,-0.08989379790287867,0.7651155712228844
0.0302757241908605,0.5823110836726557,-0.7787133034201505,-0.2334938819507996
0.0215375213425988,0.2780210667738721,-0.9563241108262144,-0.09026893974323938
0.0379768527702495,0.31359747489926365,-0.7312876826458078,0.6057020298359005
0.1127272048518234,0.5364538396557764,0.21264739273788508,0.8166996781439027
-0.0431451869852197,0.6369640337625073,-0.10252744628068405,0.7640451180736364
0.0391148382206314,0.1571231563310973,-0.5337170413617026,-0.8309382850155986
0.1454750046442595,0.9885622301147928,-0.07613260373751221,0.1301865731886904
0.4376970675005647,0.87380802949662,0.30779318885239254,-0.37646099463730576
-0.1339043244834354,0.5059352892865842,-0.19256136407340146,0.8408029520171127
-0.0220622272377399,0.7595505499669082,0.09207513230476586,0.6438983864368873
-0.1857957422875528,0.5858188817080356,0.8083446975689393,-0.05826738149708086
-0.0748354967766522,0.42310708030752747,0.22877912706455758,0.8767214549748503
-0.0600800939167261,0.3663502161928449,0.9295371726783527,0.041811047638037
-0.0160403774720433,0.11927582420154241,0.8400611667889741,0.5292168873100991
0.0203198114035262,0.5991504947787288,0.6300315314977463,0.49404347371968055
-0.0433661059997576,0.6158175931599649,0.5602830383678152,0.5539418822150906
-0.0564965845194447,0.9048650268053323,-0.37256537429446,0.20594738440051652
-0.008742378318256,0.4775354856808852,0.856457015672207,-0.19606437774715188
-0.0237564391392276,0.4068602718882934,0.8229859445150814,0.3964326604728768
0.0143322614749776,0.0421092354811681,0.564083790585833,0.824643128562598
0.1142875461109875,0.7347269220087006,0.36235583102103264,-0.573475894698877
0.0063065334743465,0.999112319848831,-0.01617903166182623,-0.03889487447945841
0.3170010937103308,0.9305324794869169,-0.28715395858499176,-0.2272705627416352
0.139316700852295,0.8045597766584474,-0.5499652445324205,0.2241021989845355
0.0325402188223235,0.35643268865780564,0.8095861634806435,0.46639680783305176
-0.10648752632731,0.2527118457868434,-0.9625248587045194,-0.09840030170101975
-0.0346098597824715,0.5731495303566286,-0.8065242655837933,0.14497663562277543
-0.1732187959401019,0.4739477203256874,-0.3079783595009079,-0.8249381119073197
0.0764872752362386,0.32833584955825723,-0.22241277777510943,0.9180022473704611
-0.1608757088279901,0.48889612278456895,0.4442195907120054,-0.7507659664328652
-0.1482708667751152,0.7577127411696818,0.2943583121480894,0.5824298978748041
0.0907388674843486,0.975934950969135,0.11105439965209415,-0.1876643061287497
-0.0329605345893858,0.21230668680915943,0.2949866217546664,-0.9316162105297904
0.02986906373234,0.07410339057959732,-0.5884138119673237,-0.8051570488983443
-0.0315400985740526,0.6075454486193678,0.6701168838208361,0.42641750653572275
0.225436036282362,0.603311290270567,0.12766525300300974,0.7872211063022517
0.0442150273959016,0.4546763002276644,-0.7782343657828232,-0.43315209098639895
0.0763507656388264,0.681196335013425,-0.7243510765461966,0.10624062815441068
0.0082453588615987,0.45050514101843087,0.5316289041037274,-0.7172278760878117
0.0613215045606999,0.80616843336182,-0.06753318802107897,0.5878194668149894
-0.301755095300718,0.9124377988225836,-0.153323208273835,0.3794064536673259
0.0586073730944352,0.12724045646015292,-0.3499771694184854,0.9280764231062206
0.1678328031191276,0.798408428031836,0.18140358473376578,0.5741399842316088
-0.207025950636175,0.03871638802266672,0.7803879840624093,-0.624095854520351
-0.8242476506936626,0.975692600892267,-0.17859373605690604,0.12699695274029094
0.0017666424349648,0.8901274554359868,0.23951606116819327,-0.3876921066020427
-0.0299317119735535,0.7528405321082399,-0.498984513702463,-0.42923838167165185
0.1591682755654596,0.020643086280425965,0.28796756966337883,0.9574176423123745
0.0982423056026905,0.7626506859230293,-0.6168654488754394,0.1945275025409917
0.0189516189436705,0.8461015742152747,0.27851661906062497,0.4544674014904401
0.0201167433130451,0.8580387149520163,0.3938277807955478,0.32965018234053245
-0.0971735200611226,0.6998203331480037,-0.6880421805399327,-0.19196212936532947
-0.0638617477666479,0.8326644374891862,-0.44115859277638364,-0.3347372560089152
-0.1172323752743682,0.9956602852376394,0.09000122111590149,0.023672274883270554
0.015513382961224,0.5552944527223367,0.7915154699459708,0.2552475888466133
0.3058240380372946,0.8561383223795502,-0.2007650768436289,-0.4761518212430791
0.2878515388196733,0.9494701631774566,-0.27155656256614724,-0.1573640446958328
0.2171733137228203,0.436837188120046,0.7086155326764219,0.554109463847246
0.0668604366998192,0.31584044920326715,0.376771410112793,0.8707974019074104
-0.0118339154516197,0.9927069741537693,0.0694358950599876,-0.09854704431735163
-0.0309274935644715,0.6624860534845847,-0.7316679384707216,-0.16054362881293088
-0.0804311453062565,0.19756801155952475,0.5830401407762653,0.7880552487307018
-0.0994108651287475,0.9851596584541406,0.1517615448105884,-0.08018030226448906
0.0398282384001899,0.5527616794168198,0.8319718702596801,-0.04772140887386743
-0.0652126567512322,0.6510008644283096,-0.4906007284283174,-0.5792312144378944
0.0173466351666247,0.9595451648799681,-0.057862080258498455,0.27554501669170833
0.0531116410178246,0.9181249460470147,-0.3334404388432166,-0.21415895309374644
-0.0935117971960805,0.8776953997824707,-0.09455593854190134,0.4697977859538603
0.1071669414671483,0.9463895141484917,0.3126434180631876,0.08124641931524504
-0.0483323756636663,0.9762092343437436,0.2115081258050945,0.047747706755594525
0.1076330457400732,0.18713103923549024,-0.8046243599701537,-0.5635260539649131
-0.3563928068239381,0.2118323462794921,-0.9768458880097444,0.02998613259790671
-0.0805634829640716,0.1832472675180133,0.8570960294675747,-0.4814632231210397
0.0155498084474635,0.4173363133181655,-0.8651459644604409,0.2781238245167352
-0.0936993557736038,0.5455471260796686,-0.7092254097946952,0.4465172463945382
0.0239574045187133,0.9963563262757432,-0.04794476059254833,-0.07053630995471648
-0.0083079830399273,0.7109311714191677,-0.6529175499890503,-0.26129589055487656
0.0238196956529273,0.9798399298826818,0.17267544294591883,-0.10048334792855967
0.0594979177086378,0.18714309656197403,-0.3051409041480423,0.933737912920382
0.0063494793777091,0.639703310526447,0.6991244732058417,0.31938166113000044
0.0339932311399215,0.21009866828489823,-0.7806469297896176,-0.5885991170524775
0.078259779836686,0.9820561798591044,-0.004627347555955461,-0.18853182027217263
-0.0884016442073361,0.9217821750166403,-0.20972727075816353,-0.3260860219664803
-0.0909915822593016,0.7081229401631316,-0.24082751584339043,0.6637499598699976
0.0515187434523029,0.5915369132269535,0.2950595017830998,0.7503492324894034
0.1253177665984919,0.15889563802525414,0.24175436074189383,0.9572392622948694
-0.0164566730774639,0.054016428058687956,0.8884284779107918,0.45582569600330164
0.0362061037874269,0.9762294470546337,-0.1832844263124884,0.11568442321551402
0.1104003036767358,0.6593929289359209,0.4264260360279158,0.6191621767088379
-0.0839768684975364,0.7338678097595431,0.5956265653116496,0.3265991924267086
0.0614969813968709,0.19516467130656714,0.12065933540523731,-0.9733201302004219
0.1235773718050599,0.6349284049006677,0.6915132922961833,0.3444927970625614
-0.4090604038974649,0.9220434527732114,-0.3576933636833176,-0.14795718561451685
0.1594272062615185,0.9295354135879446,-0.3631275262591447,0.06404931349205154
0.1286449085462496,0.5008954439265805,0.6980650734153155,-0.5116726566187254
0.0055644250009185,0.06867057588277084,0.45277083207866503,-0.8889785855838833
0.1256646299563315,0.34713124406218604,0.5935974694560168,0.7260454143173498
-0.1344662769871362,0.36501738947590895,-0.8881565274890634,0.2791778788850599
0.0492865412140919,0.5816015841394767,0.5079860598312289,-0.6353658476370871
0.0571131697630243,0.998430762531105,-0.053311843783934804,0.017142337761043378
-0.0166816826699209,0.042482159489816235,-0.8578808491643943,0.512089557364783
-0.0354902215484178,0.2910536110814804,-0.7996355360970039,0.5252340477228105
-0.0658401210725803,0.9997079725792168,0.0075790126670281155,0.022946200743150277
-0.1483972898903066,0.3024244824179122,0.8278968266365999,0.4723624422827303
-0.0083933885264156,0.5741888780632538,-0.2996242240216913,-0.7619268053349095
-0.0236976633248544,0.8018736883326428,0.5779556424422083,-0.1515449218186406
0.0049366237197175,0.5012610151777585,-0.7970493175004789,0.33682306948156604
-0.1048838233858091,0.6254173982234886,0.32764753644865663,-0.7081667669825298
-0.002445662637051,0.0669704873773337,-0.107660399183936,-0.9919295298901015
0.0237371886127312,0.4114062285142804,-0.8610224846552073,0.29897357083499726
0.0169407564720738,0.7638292123550411,0.3521647306555538,0.540874233843117
0.0562853375050053,0.2780330197087107,0.7531304497994635,-0.5962316374837161
-0.0180982272172074,0.6659964805531314,-0.38087123643969184,-0.6413936304203081
0.0291721480567796,0.8431057019644951,0.23134738620061723,-0.4854391436762167
-0.0141605667694341,0.37323454634374886,0.5585588986339565,0.7407482231989473
0.1424037790621437,0.044581861825146084,0.9725248850676343,0.2284902744547085
-0.0072997652098351,0.13188108940573945,0.31101122666965103,-0.9412116633056531
0.0893126452294325,0.13657133458574977,-0.72154610801932,-0.6787632021343225
0.037513061836516,0.43849621615579937,-0.7379761639325475,0.5129446850143282
-0.1593449561921035,0.7805819363847175,0.14856007030706972,-0.6071422783007647
0.1375756092089081,0.9503393240738555,-0.08122945679651285,0.3004279355642396
0.0347884907776689,0.16633616713234584,0.6964360190997546,-0.6980753188619453
-0.1397901603536237,0.22344143049422,0.64360089926802,0.7320189953820138
-0.0502428834875823,0.10860277674260696,0.9896180088420259,-0.09413624944376907
-0.0758820346133993,0.8978689560904086,0.06457408028861278,-0.43550146480121005
0.0198053532307567,0.27915661171817197,0.42642662330031883,-0.8603673175305521
-0.0833000647014425,0.777098937598239,0.5453542263180645,0.3141751247643796
0.1489441968482825,0.20536951864493982,0.7270449885256604,0.6551556650684386
-0.0380190862799108,0.2216696684566665,-0.3622036194867672,0.9053568888107035
0.0393211209361639,0.7022170311983579,-0.42655473847916225,-0.5700371007012947
0.1320704357399761,0.24133464364570753,-0.7189178854908674,0.651854787278378
0.060995620245125,0.009412401191169914,0.9536166148161526,-0.3008766502246366
-0.0449224081059201,0.9189165427110303,0.35465934623443196,0.17265322371902755
0.2258934710963209,0.9558313838875429,-0.040821931790192924,-0.29106689172858796
-0.0480222242954294,0.9936377826524846,0.03956793842034159,0.10544351632328011
-0.0018446325622432,0.962061314513897,0.17780722889541567,-0.2069362618496957
0.0474299391064035,0.7581199310307726,0.2031041191201336,0.6196796648029781
0.0363171755553556,0.7454839807841337,-0.4488274175795407,0.49275509497429026
0.0686308815559935,0.7714879621063376,0.10726250838212095,-0.627137208767416
0.0439381348783074,0.2188843386426995,0.4421353572924885,0.8698310020508533
0.1437284015127043,0.8942985888280162,-0.35152864916645643,0.27687116649341653
-0.0447248344795921,0.9323649703319749,0.2884487647504385,-0.21792859429593395
-0.0700765606174993,0.06386204283938213,0.19605497170420938,-0.9785111586254102
0.082904459713186,0.894747721869587,-0.394486204858071,0.20930157282223272
-0.0164190987643501,0.9343993217352835,0.32625340471863007,0.1430266529362412
-0.0717495493642613,0.408985224010734,-0.8645982999936707,-0.2918918741399705
-0.1442494368083646,0.4147474057380205,-0.41940282365026305,-0.807518334744028
0.0167776968958986,0.8515944910820662,-0.21045563991841992,0.4800992047329438
0.0300308850186526,0.7112868029213975,-0.6454018366449378,0.2784377008330557
-0.0667167997028803,0.8685759442325314,-0.09000658789335095,-0.4873137010554525
0.0103050333622188,0.8373727011520248,-0.5430130983963977,-0.06279915871495312
0.1211414977676122,0.9808288194028537,0.18761911253612196,-0.052667785599570055
0.0999936446359027,0.8208120777365263,-0.5188190072261641,0.23894428384605523
-0.0197926176129946,0.6462444164710407,0.3674069700403154,0.6688649135257425
0.0849080939704399,0.9856365437602641,0.16719515219781883,-0.023798837910058313
0.1128577496910302,0.48138427160161734,0.8624695786784041,-0.15625430844900348
-0.1352466787105011,0.5084529384431193,-0.2937046163425239,0.8094524122687191
0.0538299893647657,0.9331953631083004,0.34014275136778976,0.11597121610605486
0.0153009334332452,0.7768136733827656,-0.4636860562272469,0.42609360251709516
0.1054624107851522,0.952431192016583,0.134500543269745,-0.27346741731697083
-0.0143365503697059,0.6984142577549416,0.6689915066350889,-0.25429881756454903
-0.0316114401140881,0.908585981252104,0.3911086615420958,0.14664763734510625
0.1858647492198942,0.9926561793515422,0.04617207008747918,-0.11181166995906931
-0.1076136966752508,0.9378412906095441,-0.0495281714073049,-0.3435122615931973
-0.0243105294870114,0.8391993096067463,-0.14667740693157197,0.52366998868695
0.0174200798393586,0.991576160289345,-0.06031249623064218,-0.11462600553220002
-0.0293650730022496,0.9878235165339093,0.06853333765954082,-0.13967061899993383
0.0526785996538712,0.8542018254759545,0.020432231367845274,0.5195399554171728
-0.0173960342991535,0.22364531962826986,0.8178788252240543,-0.5301480908750781
0.0657661499146686,0.9860952550381872,-0.14955095801618412,-0.07246143075881177
0.02024606663256,0.21724990714678527,0.8378073925252163,0.5008804756374632
0.0514937822490935,0.8049393156671979,0.5390985938341084,0.2478818351943321
-0.5086554711441191,0.13821691270237116,-0.9462324168892976,-0.2924727308158211
0.0273406042246903,0.7294925861463673,0.6451734752788822,-0.2271381816297176
-0.0843701921916624,0.3556539406735751,-0.9004020153619674,0.2505723153412296
-0.0965201806218192,0.6723673651391425,-0.6538713248312726,0.34695016480647956
-0.0499843720640106,0.7087090124247448,-0.5846600368114088,-0.3948470299541646
-0.0678809490589732,0.5156235911871682,-0.8566987596549528,0.014126125332639294
-0.0571030488538318,0.9559507520355631,-0.05367736295413743,-0.28857737331421385
-0.0033618142556215,0.9969718635667688,0.0746612023655593,-0.021744151340835814
-0.0020084886879193,0.8864163026547099,-0.1444287186265276,-0.43978004004712745
0.0667313156372243,0.7879490789786666,0.26923039811520594,-0.553760996881686
-0.0851024749911576,0.06627734108042663,-0.7726473058447266,0.6313663396398276
-0.0551591298281985,0.6508305317336289,-0.7496203816258281,-0.12036985675188658
0.0779530459239064,0.9018410574254637,0.4141716245658921,-0.1230632867518628
-0.0214010985960949,0.9376225531507321,-0.1450427437138101,0.31595339896743113
-2.338351416424808e-05,0.9303121209076162,-0.26495208215185373,0.25361339052930604
-0.0926786667277647,0.974556050406301,-0.17504145212285124,-0.14000355229491462
-0.1783823539289953,0.5933103977533173,-0.6414512045930655,-0.48633643092401146
0.0693365770521583,0.5951931003505869,0.10425698975676038,-0.796790846698125
-0.0404206309015637,0.376357662382232,0.9204186108861475,0.10575675250591046
-0.0027411060096333,0.1324333817151584,0.020923550365242103,-0.990971041175069
0.0190194893173383,0.8886854172697318,0.4568262651082974,-0.03934453760468201
-0.0938551142611748,0.916330031655874,0.338920599378707,0.21324188238318237
0.0961734488503334,0.8527758284618746,0.5220062154416553,-0.016819555031083795
-0.0422227355443801,0.32229849054097104,-0.05759812135410572,0.9448841936509941
-0.1044392903044307,0.9974432534600721,0.04416554614686231,0.0561814974928203
0.0130436050507542,0.7988314388816792,-0.4076506714802591,-0.44236779075326
-0.036256986189042,0.9998797377583982,0.015473683367963393,0.001036891134455127
0.0046741048902268,0.9834007445038185,0.17128277187858224,-0.05987643749360065
-0.0854238899053909,0.4901743580946376,0.5471551129719772,-0.6784912534551443
0.0385034344154942,0.6380285958922002,0.5400083656838044,-0.5489175491959919
-0.0136121664892255,0.9926023903177436,-0.08800606176500482,-0.08363867423695798
-0.0329210817998024,0.30143600495569434,0.9455966325229778,-0.12240646828315525
-0.0685542691571187,0.9969591715844393,0.022433748351979487,-0.07462665159679012
-0.0676119172967405,0.9969576150195779,0.06885695306928717,0.03652716617107097
-0.0461779067035417,0.5538148860169348,0.43687089933815165,-0.7088250061457511
-0.0854212896668384,0.7417759173889427,-0.6322708047846801,-0.22361153324174812
0.0312854009060551,0.5772638319361115,0.8162030795197451,0.024062446278826418
0.044947193239929,0.9836555624355929,-0.17532724959208065,0.041013291016372216
-0.0345272586893704,0.9185983426542026,0.015404603665531551,-0.39489211572131977
-0.1283298052004604,0.99298015558041,0.04505097849651448,-0.10936553369325881
-0.0938364703256036,0.12108826092042765,-0.989561562619194,0.07813799878372542
0.0345520109472786,0.5075065096976354,-0.5655431216750956,-0.6500754726495315
-0.1953717066787342,0.6514270913725295,0.3142639513409685,-0.690565647504629
0.0380240049696695,0.9858914617047686,-0.09106492201167914,0.14044645142060952
0.0172131754693492,0.3619973285183044,0.021043051362532043,-0.9319415883707329
0.1062381231838039,0.6111816827489165,-0.6432853664411703,-0.46113001203006965
0.0077384754525628,0.8091053210273903,-0.5746193156577883,0.12313091227688808
0.037563809047063,0.9809193777563396,-0.11091512607403116,0.15967156650480138
0.0415292129667935,0.7294295409358997,0.02257877089387981,0.6836832189800801
-0.0521956795265194,0.7623545545174347,0.4706608059949523,-0.4441778235197088
0.0049138568187106,0.7213053848579856,-0.0035612026728254944,-0.6926080129556662
-0.4274037527496328,0.08493479872431808,-0.9961169059911623,0.023177350242285916
0.030767954161564,0.10648257980438164,0.6013648777155749,-0.7918470458670255
-0.0065211888419981,0.2613061156651245,0.07910515408911194,-0.9620090896205411
0.1503926579074753,0.7982952758183681,-0.14051420093386313,0.5856452953298553
0.0287155426000612,0.3303095723066078,-0.9123800613883819,-0.24178132687111803
-0.0297530309308906,0.4943411812669488,0.8547921134003821,0.15797860415925363
-0.0048742977917489,0.0837178266973446,0.9476853546960231,-0.3080321314209707
0.0019592848662808,0.9477150828056141,0.2843885825369134,0.14477311886325173
-0.0313524320851874,0.9387892227399754,0.34152732194754093,-0.04509859898725739
0.0139671213230087,0.6810210055223576,0.5566045014326831,0.47581700161111445
0.133003929392978,0.8075925729058814,-0.40082127781516474,0.43259281020132234
-0.0265394313823573,0.580382485891028,0.38524290622638147,-0.7174566699621672
-0.0075045994305064,0.32351177571344836,-0.9248436963184982,0.20001067060201816
-0.0562215709454599,0.3833338874232763,-0.9103785110522444,-0.15577579198083885
0.1533025599773184,0.6358757135444344,-0.7685172560342776,0.07101622421602713
0.0271979147899782,0.994995855344415,0.09656977835169955,-0.025642265043077234
0.0280874323071393,0.16754798091287967,0.13485918457992793,0.9765964747153526
0.0163404655889351,0.4506243209112094,-0.48538040569599256,0.7492286588016406
-0.0659479282630473,0.514156219473494,-0.6723857999657235,0.5324854157450498
0.0816901216530709,0.9735318739760643,-0.008821242368565803,0.22838098877911753
0.0588222972150232,0.9932039410883268,0.1084631746946862,-0.04220984650251024
0.0272448977354108,0.5818451196165149,-0.049584486171790766,0.8117866933557872
-0.0363985536903466,0.1863735296764361,0.955968680897908,0.22669095389596022
0.0859051922822569,0.4428979305061541,-0.2772067605789109,0.8526416803339562
0.0046555763299375,0.9339923371076414,-0.21153768123704195,0.28794118087043685
-0.0728286896400979,0.9884343475216483,0.040436829128199056,0.14615882966660004
0.0013568536068039,0.5757693119718502,0.7972110628633096,-0.18150542867863367
0.0015471561344254,0.528255874737569,-0.7110415670615692,-0.4640750162590891
-0.0460303272888414,0.20316543579427257,0.9109877437501394,-0.358922187159771
-0.0775934222610952,0.1916060358349409,-0.9616748921151808,-0.1961339565370435
0.132693163065637,0.3509613864497536,-0.48630485946287083,-0.8002085283749881
-0.1022515214377132,0.7082092848666042,0.28862881215133773,0.6443081697641595
-0.0218142058473701,0.9289953033727897,-0.3491765514284722,0.12265179266451028
0.0555674565046481,0.9997215335818025,-0.021539807670558894,-0.009638048472813882
-0.0283553299312605,0.8719713249303408,0.47631130903918806,0.11310855573563426
0.1045519159454001,0.15879012271033274,0.9174266508043672,-0.36484796466955804
-0.1255968914735408,0.9942626721705682,-0.01607212735306563,0.10575171606450673
0.0881704860962091,0.7044463823863708,-0.6204966258941851,-0.3445855940063176
0.0331778839490372,0.8243687358550452,-0.19863311049086327,-0.530057614567963
-0.0244302066505663,0.7617344870649718,0.6176061626120953,0.19576311991646014
-0.0709379471296166,0.7339690799114453,-0.6022651892117166,-0.31395227598748454
-0.0280111620097894,0.9700768719932498,0.23586442648153164,-0.05760932862245759
-0.0421895945510226,0.5597710693458995,-0.7534465553341579,0.34492700413049704
-0.1389123438820123,0.9498753246496802,0.12277613283171111,0.28751154555696495
0.1109091065781215,0.26282950553391876,0.8828706423937179,-0.38917872477834586
-0.0165206849222122,0.6626770336638351,-0.6667155629089291,-0.34110043569237813
0.022021670671369,0.9989409006124937,0.040058141514521875,-0.022636748483438617
0.0083288349780111,0.987325138053124,0.09186828383895745,-0.12941904880219282
0.0245059115935508,0.992790700887442,-0.11903487395566414,0.014047171024117951
0.0191548843979545,0.04080573557089066,0.5233145716022694,-0.8511620004988778
0.0243065448951362,0.8956173702648119,0.22512418357945252,0.38365170147886457
0.0340349614560316,0.27320498064877285,-0.37518593503696757,-0.8857734206325791
-0.0229100483544205,0.7347603531127452,-0.34174120128643226,0.5859523656722789
0.0168825280421432,0.0018262009652458258,0.20003441870459207,-0.9797871688910559
0.0709044397544254,0.15169368812359899,-0.23860224479959505,-0.9591965355233798
0.0462956551778839,0.2520802244302327,0.8932513939235542,-0.37223313622625126
0.0523890491627726,0.8849559811428778,0.45280205192178813,-0.10873459989747893
0.0870371456554453,0.3622551915395925,0.8407037378851362,-0.40247782710178376
-0.0420247859232224,0.7997805773064097,0.24610586931958528,-0.5475243640696524
-0.0621384234324151,0.7291541925061413,0.6046427940797675,0.3205327676199873
0.0905632237008012,0.20231023486868785,0.1436371041935792,0.9687305875042138
0.1306812675322362,0.9795014389572206,-0.20100187414396345,0.013235470197479072
0.0904293634230557,0.990270251248027,-0.10917763304456066,-0.08628484186667186
-0.1426276403506456,0.2938300248735319,-0.9240354632775373,-0.2445861383813208
-0.025899931329339,0.4038462243237897,0.8103299971997068,-0.4245862959843883
0.0122572911189422,0.8079507668561632,0.42795067770091394,0.4050602125510063
0.0611107302881845,0.6517483228804074,-0.5269326597433357,-0.5454961922125491
-0.187957823651972,0.24053996410590972,0.7456613369018674,-0.6213933507188885
0.3318776574090298,0.016615020736250416,-0.9447901616104661,0.3272544753093577
-0.0318268932233802,0.057337494821259924,0.709618036155884,0.7022497094694226
-0.0788752525374131,0.9688407313657095,-0.22878369201722876,0.09489815337361988
0.2008283647428514,0.45614212563314943,-0.7754243032950988,-0.43663658926180576
0.0569417447345838,0.2139189669152849,-0.9502534968129988,0.22640001631750284
0.3128981214874933,0.43653457553668257,0.7272287553185216,-0.5296941587358522
-0.0799132116455337,0.40065186668531455,-0.6314225249502848,-0.6639154138193959
0.1159099017100146,0.9804010571006256,0.18596493758647936,0.06504467099180862
-0.0655410379412591,0.4835677252581457,-0.8476360565796056,0.21834690443154517
-0.0607818046120015,0.3151874961827402,0.8374633479782829,0.44644370646595566
-0.0408662057085661,0.889857663534962,0.102429400843519,-0.4445914489629059
0.175351474194646,0.08510492015857589,0.8042266005825333,-0.5881978642262014
-0.0187942682831628,0.24516080765437848,-0.8781099196399157,-0.41087607306855145
0.1007943139411962,0.823046935304535,-0.1778661690841111,-0.5394046423429771
-0.0364011730971779,0.9739650707152803,0.020633086988289515,0.225757207521516
-0.0462643424495668,0.02796131279390004,0.200317841700063,-0.9793318780084054
0.120491336289456,0.9067938918747965,0.05567969223659211,0.41788109496721454
-0.075159833770055,0.9766092654934758,-0.06406923975956672,0.2052546590675225
0.0885078236263807,0.9944767997370442,0.10177451334360808,0.025648454503901377
0.0513575174332895,0.02052213860887162,-0.30897882140693234,0.9508474797510383
-0.068278478831986,0.6417829645196335,0.743529610860715,0.18782530241078949
0.0790809179046792,0.6862793236446956,0.5275224696187351,-0.5007401861096531
0.0283945601576252,0.9993252946842137,-0.03043658743582504,0.020556496529584353
0.1058733641856769,0.9875444175922837,-0.14301580090379373,-0.0655934750883321
0.064942409761753,0.1443028170705403,-0.86392406198224,0.4825058674395709
-0.0557585451423111,0.08032300129497423,0.5256672476551484,-0.8468896977798398
-0.0026719593234681,0.09355415040981983,0.856312035742391,0.5079146762831518
-0.2391960732822186,0.8415422070555852,-0.4680505878060259,-0.26969494062449173
-0.1073520639940885,0.8368081033436913,-0.16915585047586096,-0.520709608542153
0.0794169379425712,0.9874993046445758,-0.09722855741635786,-0.1240634150312382
0.0835827649341893,0.9704131730888004,-0.12555000144791356,0.20624129225777
-0.0377465459464517,0.7272777881886139,0.298279416912491,-0.6181394731400204
-0.0512452691411341,0.06859727530066607,0.10788339281437079,0.9917941254999371
0.0830450207869903,0.7784831018289522,0.5587707760401487,0.28590082198248973
-0.0705620114433868,0.46055229691241073,0.8869192901135733,-0.035577445567914236
-0.1009099970577621,0.6736074149653941,-0.35763751652178505,0.6467986218907469
0.0288782345271231,0.3948650468287829,-0.3895152711637893,0.8320813952511513
0.0580274685563068,0.9952267565796957,-0.09757359807589672,0.0017595301595628267
0.0252410709161198,0.8170019070653839,0.27952031787537385,-0.5043572897722167
0.0726532175055181,0.8829381420535894,0.2977911631045071,0.36296096275470213
0.0777242598122198,0.5412951490163282,0.6829121581955249,-0.490541074569828
0.0256141630745673,0.5051153141872831,-0.10745169105209645,0.8563367640499426
0.1906983145158801,0.9833024392056123,0.15953252434761217,0.08755390755169978
-0.1365210866953444,0.8364707679500643,-0.5002315737624352,0.22379684308807196
-0.0309603980699879,0.6692429638837369,-0.6449348796980987,-0.36901606501737827
-0.0536186177690933,0.9202039407900329,-0.3453217818288961,-0.18433006903109933
0.1973730788000976,0.4119056387017744,-0.3863037419180325,0.8252897453535997
0.0099996818593923,0.7512433820129608,0.4971701761479312,0.43411426713569745
0.0065479221640984,0.5956452654692987,0.7447233171786954,0.30098820338074544
0.0697941734763211,0.3297246228102605,-0.5252730578807626,0.7844551534518875
0.0497014372390666,0.05338885076401476,-0.5975588033100194,0.8000456906957223
-0.0654476226645087,0.7023186394434957,-0.3995522386961007,0.589157480851403
-0.0113819187401903,0.8501527419968673,0.1747794909788276,0.49668143191425024
0.0016267021249319,0.8305978329171103,-0.08004635346070037,0.5510896671604764
0.0396029930146766,0.8671813819653266,-0.03769727263474396,0.4965635572699715
0.0642459391390832,0.08492375010286181,-0.9592873770339808,0.2693616248312511
0.1122064228380177,0.8641915657761705,0.5031333878184824,-0.005452678573638231
-0.1149073712846683,0.9834891674279473,0.14556763606390163,0.10751335211335583
0.0184123831145461,0.4990007523402387,0.05885331037207695,0.8646007963344261
0.0052072703945045,0.9885161173990519,-0.018802051911012148,0.14994121676923783
-0.0400070353472518,0.0041770014686420154,-0.11733632511060199,-0.9930834504049849
0.0225457745513876,0.7702537285541803,-0.5155368401159978,0.375407725189021
-0.0792272985408638,0.675059019180428,0.580374535577421,-0.4554785605014264
-0.0534421473201083,0.5627273412588291,0.6050056599885483,0.5632992905921244
-0.0579285428237969,0.5587901140264468,-0.7568718282047489,0.3389670251459745
0.0795444909587273,0.05107287672418842,-0.9449272740883223,-0.3232707966196888
0.0069055820287923,0.9845082734334818,-0.10103065036527659,0.14330480531996803
-0.0584173878546954,0.7272261245905256,0.5836588838651572,-0.3612263431677212
-0.0876443490665219,0.4740184302098103,-0.48014844597608,0.7380812947421054
-0.0715021340153402,0.01831540925669837,-0.9516002488714792,0.30679229477204667
0.0001473661391915,0.8147260379768293,0.5506467491232241,0.18168555452375207
-0.0134915957141031,0.22580628359168095,-0.42595424837416435,-0.8761132920932738
-0.0398008497448333,0.7233719588435418,-0.44511828048772745,0.5278283106603
0.0761693023591825,0.902235987638691,0.34996646179575275,0.2519795591467646
0.0477961029184368,0.14718994750688283,-0.7134711130396515,0.6850504289546004
0.0794608302604935,0.5054745582855275,-0.6296716132263358,-0.589922986857602
-0.054142385588761,0.9595079944559498,-0.19905956623695906,0.19929801219448884
0.0800814635812435,0.9895214211214232,-0.0836169314242832,-0.11770966791655597
-0.0387899016778249,0.8793074787701014,-0.4535109188933256,-0.1454173449884817
-0.1041922513618555,0.9801312247592727,0.12373027824226832,-0.15502774105939535
-0.0377271597370526,0.01565805459815009,-0.2980435234022482,-0.9544238489707677
-0.112321054486005,0.7339301029812528,0.20093277229836465,0.6488240323496204
0.0307167051044719,0.9967922557538433,0.025446985698521794,0.07587917888343211
0.0494417603384678,0.045667102050356345,0.9529024156151814,0.29981911564320624
0.035996117342749,0.6266481992340027,0.35253666930051475,-0.69500354761345
-0.1048730347588348,0.9901183622406886,-0.04940485402736803,0.13124324421603945
-0.0103878384417685,0.7912147686712901,-0.6057047446144013,0.08426714773884139
0.1177715643402769,0.5951974387935671,0.8027111432671403,-0.037347413944455274
0.0673845359951156,0.40730686999147886,0.37188696464737914,0.8341469889552461
-0.2305172463442927,0.9741911552912709,-0.17346626020625167,-0.14443354708071068
-0.0191984406062251,0.6882333812198871,-0.7204119212108484,-0.0856824179860488
-0.3057626822157057,0.5524307747250404,0.7533430318569947,0.35678356953369195
-0.0346979841442262,0.4842710620792396,0.8078139701315017,-0.3360329270964775
-0.0654546606205853,0.8606778411472928,-0.12445536099321972,0.49370488844863863
-0.0222708508065725,0.9354272933183334,0.21068130238477556,0.28388231318733353
-0.0304506086869004,0.8945348014406177,-0.33734953076606405,-0.29326231108601586
-0.0704166097878802,0.5578777623037458,-0.34950345388922993,-0.7527414815502492
-0.0247416870876085,0.967181223531199,-0.09058740353727823,0.23739082368336675
0.0427179392440811,0.33879105454841957,0.39554897968220804,-0.8536753633731818
0.1579714670391398,0.6945932515300233,0.713338988825933,-0.09320784274805013
0.2020699164338043,0.889710800533922,0.03936460798597418,-0.45482427271573606
0.4162172449863311,0.019881898819059805,0.4410072786823093,-0.8972832831656748
0.010761236545112,0.23540854336708972,0.7237600268022658,0.6486557186312076
-0.216063623417045,0.6551665289426997,-0.43065011485642113,-0.6207232055653517
0.0506316191179714,0.9794052913481432,0.089783305736716,-0.18084311789572205
-0.2765787346558674,0.5963246382327316,0.7220899146209299,-0.35068943673760694
0.0231469966667902,0.8020380278387169,-0.2666418727593693,0.5344502910392676
0.0416417501851194,0.6176347655523108,0.40782970042386074,0.6724598365949643
-0.1560080350335825,0.9816627110520971,0.14459642323080082,0.12421834050858215
0.0815392534756025,0.3438742981573266,-0.9388007461146172,0.020090449508261443
0.0867915541233519,0.9781367897868434,0.1965196329876372,-0.06803274443893127
-0.0533276607158972,0.09931303473405331,-0.9733118229682337,0.20688406512384278
0.014814274550318,0.13840857718251137,0.7230138056151846,0.6768264937575662
-0.1171460819489186,0.7781493394803712,-0.22541854315310716,0.5862338150166645
0.0745665437957503,0.9973090627573684,0.06827154249719052,-0.02671385084696036
-0.0542969659526843,0.6036217646855324,0.33338400824122644,-0.7242208697952149
-0.0641210256446157,0.9993558068653244,-0.023285128773881593,0.027308864175212732
0.0145001697458226,0.9402451095335175,-0.255776905632849,0.2247605582463002
0.0730842404310439,0.12515845622211977,0.667297517332038,0.7341998257958076
-0.0418961699456475,0.903778657872734,-0.3723261368175997,0.21108620375628895
0.0703077764788065,0.797915694798071,0.04858292907585358,-0.6008079917888262
0.0085554587297902,0.42115009570382955,0.6768645060815557,-0.6037276184635145
0.1588335979267904,0.2796253023772478,0.943983058049421,0.1752303523539693
0.0535776357690765,0.2660565837251203,-0.876996690579863,-0.4001133576481622
-0.0127123385121432,0.9674629347966223,-0.1561376340796532,-0.19908919864903524
0.0532735463439243,0.8621620099550795,-0.47319284612838386,0.18101159897403546
-0.069478120398733,0.6445124925600617,0.3185225977615747,0.6950877654291108
0.04488835893185,0.3875097806551099,-0.6796705805048323,-0.6228033974641216
0.0405101766284471,0.15353988359405907,-0.9779469787192887,-0.1415811108860853
0.1676045048773229,0.522596860978775,-0.8494753240782569,-0.07269246644096844
-0.1012070554653807,0.7015336108480138,-0.6592514739528237,-0.270625362709368
-0.0464447587602236,0.9354219204626691,0.2603447303356083,-0.2391787032835725
-0.088383559999044,0.9034555695494039,0.012739134592372782,-0.4284924133517415
0.0348696479505687,0.7418854828465269,0.6692947012479846,0.04062675501374204
-0.055596546581692,0.49087567219585304,-0.6967116447590417,-0.523100333113467
-0.0381846705235316,0.6382171258532076,-0.6160181719610215,0.46173640974204355
-0.1113812505142864,0.29167727972990387,-0.2645191145011807,0.9192137958891144
-0.0063383707999637,0.6754540220815795,0.5004152376848502,-0.5416146729425191
0.0567464141847988,0.12768859887152806,0.1509288272682205,-0.9802632864785183
0.030140581743972,0.9485754655234265,-0.2990974543516608,-0.10365953408814224
0.0191402607939127,0.04214144628308542,0.268498604601502,-0.9623578325301956
-0.0063912187619899,0.9851017964295075,-0.05085855210425606,-0.16427981723028495
-0.27960608549701,0.1446735690059189,0.928978765005065,0.34068755862337197
-0.0416104053309902,0.6177034743532076,-0.697932012265927,0.3623993984906848
-0.0563554791549631,0.9482017081237529,0.31766672701970394,0.0011710063134986535
0.0782196459935205,0.8969689622765432,-0.2704289321478055,0.3497354333920696
0.0612138768828079,0.6582804707954102,-0.43103679402867784,-0.6171499849816512
0.0435286769842787,0.7185610678701804,-0.686329123213646,-0.11234912714415725
0.0124222365694144,0.999312818624765,-0.009444994505835825,-0.035842469376596714
0.117878513520393,0.9130806078745535,0.3302905256942758,0.23914843123055352
-0.0306001918347809,0.9991855353815609,-0.023322899878072297,-0.032928835775668554
0.0767082278485196,0.1172064258154576,-0.27158983727185815,0.9552495035529782
0.1955924070804575,0.39689917855327556,0.41764609269156744,0.8173388424167799
-0.0075767358022708,0.9469044277741572,-0.30082522128842826,0.11347330478339032
0.044236406982031,0.9997386041466977,0.010758221049250359,0.020173845906715004
0.0733607756869694,0.3416972168954044,-0.2907984507962009,0.8936885771791337
-0.0117428280184457,0.9231888225854551,-0.11563949404587541,-0.366537726939663
-0.0984818377108545,0.1822504526866135,0.9708959943387898,-0.15538899791303437
0.031674133965609,0.5264083143256388,0.06978600871180257,0.8473630860480741
0.0620296989950145,0.9801698497792551,-0.17732690120434294,0.08844340389750731
0.051423990418491,0.4447954424554121,-0.35903811882351566,-0.8205173024394826
0.0331492223797695,0.2114415203081579,0.9712184287354148,0.10966880675236193
0.2641017049297317,0.11314553018462911,0.47720697120121064,-0.8714766753253962
-0.0749656643048287,0.8069162965834678,0.4559372184391749,0.37550944482125764
0.046079678495602,0.525899285861691,-0.8224454621730393,0.2168257431236871
0.0147600075346851,0.40023618568129554,0.4098174239957642,0.8196710771161586
-0.0174153983551731,0.8710462968989482,0.39871739339691625,-0.2868846263943019
0.0286588422478741,0.9816498580420596,0.18769663656328933,-0.0336679198768295
0.005690586788682,0.9886793805933408,0.11994541305065594,-0.0901453286514368
0.0473700702660128,0.9955198541301282,-0.0943208379303055,-0.006618123967815147
0.0820652005107759,0.23697588592759822,-0.9688925519306473,-0.07134179912329067
-0.0610188476135117,0.6596148518299124,-0.7072376539846611,-0.25440744492187206
-0.0152019603641006,0.3159729784636217,-0.8964214204688058,-0.31078885727373856
-0.0649004552105703,0.0487279083999177,-0.9381236397529101,-0.34285511149714726
0.0227399646045998,0.8557061887794977,0.3237670973475047,-0.4036604825340698
0.0102019645724835,0.5198339074654235,0.31823041662004303,0.7927812501485282
0.0379368006958337,0.7018820463051167,0.4230217815315496,0.5730743105605204
0.0020925926778528,0.22974043458046453,-0.9212204859765663,-0.3139620183013838
-0.0191941168309157,0.3838174546153879,0.8213198290034596,-0.42204016398714084
-0.099779927234164,0.996893045780696,-0.037650743144601755,0.06918581368131956
-0.2330048033824029,0.9612994416579892,0.22602163722759425,0.1575360370613532
0.0766176960708396,0.8772233112036791,0.31766065279949146,-0.35995968099754444
0.0068799406258893,0.894942729875591,0.372285393377852,-0.24592904692273157
-0.1593870326223385,0.6579369487339486,-0.6918998394501236,0.2973105845064298
-0.0638934953218292,0.25278295381921134,-0.11957022158304662,-0.9601061089114138
-0.05380553611642,0.9395605828068377,0.05637500133945016,-0.3377095948587371
0.0399794673096656,0.28918064806351945,-0.6493583442870708,-0.7033550266332906
0.0362109057533437,0.17728665974961308,0.3070012937327851,-0.9350506114223022
0.0550065067278489,0.4406196784801177,-0.8894828636043784,-0.12113849219068434
-0.0323201439350979,0.9475929032735173,-0.28008330257586295,0.1536913572191491
0.0393073213691392,0.7620813658490809,0.11334501067904966,-0.6374832549798978
0.1110396036320504,0.8267674090250035,-0.5583925711076879,-0.06821574529262614
0.0533642110020883,0.5401706526794028,-0.5930455947795406,0.5970867512317527
0.0696296852620102,0.8580832141729592,0.22408708048149373,0.4620369876058453
-0.0898752821662404,0.4241861653724721,0.1344908207879672,0.8955324205356145
0.0745253783443006,0.5706445670607324,-0.8093664191721991,-0.13889124378606987
0.0362056091095979,0.3051448485806809,0.28899558874282755,0.9073963693292253
-0.0828467251718433,0.04265604270421189,-0.8183038854123319,0.5732008488652975
0.0503103443105398,0.8163837890316678,0.06707139847988265,-0.5736017228986069
-0.0099965068941459,0.9998959408288918,-0.01427406919463856,0.002087693112512462
0.0066380837313199,0.24853478967163706,-0.0595347684181086,0.9667916371547064
0.0048525192126075,0.5594187156299923,-0.6727900994391521,-0.4841530571002785
-0.0048288072835313,0.700713796749477,0.5341908255921086,0.4729062665033676
-0.0631996441949485,0.9972862839236157,-0.05266782493956547,0.051440918673372346
-0.0804433523936174,0.9066971387733462,0.395268523351474,-0.14718387475458256
0.0028531022515179,0.9155386480197613,0.29607259254211354,0.27226825728964305
0.1804285768522784,0.9369924684894932,0.08646081682364282,-0.3384813748910779
-0.0617402058743264,0.9201846350639146,0.1512723889726608,0.36107741791310394
-0.0052003825032617,0.9410165829029488,0.30304473764587414,-0.15050474307077874
-0.0888824106787736,0.19069840830806803,-0.5901375316625234,-0.7844563791518516
-0.053137880760211,0.8726771302349041,0.41113232517602455,-0.2634479788503375
0.0717143456999805,0.9809779223213618,0.1867988043667261,-0.05280646366900358
-0.0518644160049507,0.7199525858336931,0.17570664202177297,-0.6714130249710764
-0.0419678604934551,0.9582734530054144,0.16239665843289913,0.23524309680606584
-0.0317615914975864,0.9996752981682397,0.020659726821936442,0.01491555965708361
0.0957953766490874,0.46159964291050054,-0.7076241105102833,0.534970922470959
0.0898797600037228,0.3075784776002091,0.9270534175354929,-0.21440018925574822
-0.0690511201902031,0.9886572204292987,0.11981212906962077,0.09056464111791995
-0.0929853264473628,0.6712070362078255,-0.7149315966319237,-0.1958415856819869
0.0856810292321366,0.8870441625773408,-0.23995537687116522,-0.39442879046550516
0.0361225983524767,0.9998926610270619,0.008089683447843788,-0.012215704888983313
0.0150761948790454,0.4667362932253225,-0.8580243849057705,0.21436274744777858
0.0787856097449439,0.025239889078233435,0.3135083824664678,0.9492499365934018
0.0048647670747752,0.9721625608828548,0.21513906521254716,0.09281776681843283
0.0674066043165008,0.6016399573888334,-0.32220844063965676,0.7308974500254626
0.0042834570748272,0.7396573549182599,-0.3013694244056726,-0.6017337179755817
-0.0110433696287395,0.9850240465540914,0.06798292483300472,-0.15844857096658607
-0.0397614673850189,0.6142696378800564,-0.6012967518619634,0.5109941566974683
0.0237173211233626,0.5648815233208172,0.756141125787732,-0.33039289112088094
-0.0068438783862843,0.2872982517922282,-0.07171801530401373,0.9551524699219401
0.0373921092919928,0.47250143293324254,0.36135359201219025,-0.8038444982805568
-0.0498802938649181,0.39682320389774783,-0.04983303427241452,0.9165413321523098
0.0155493942695829,0.8233836035798067,-0.4949543743622888,-0.27759612507304054
0.1366402721752716,0.3111287037208184,-0.3545140266514535,-0.8817702277965478
-0.0715889413180623,0.9991353500921759,0.01955839038653758,0.03668816650737645
0.0570829327680912,0.9303172080320865,-0.2047293892183231,0.3042955300849421
0.1466894567987506,0.014450916596597096,0.530998169327849,-0.8472497360164776
0.0907924675518389,0.9926539551617094,-0.12075728494243954,0.007470169686526557
0.0602922306009029,0.914755625187101,0.4011093345766603,-0.04830577505873147
0.0720380390795464,0.8446225176593855,-0.1763025881094352,0.505499950631685
-0.0111986761022691,0.32378342040167424,-0.9355318272113814,-0.14122498698009064
-0.0132111621227723,0.2482450642286773,-0.40471286526858713,0.880103337553148
0.0199242388521745,0.040379432204327895,-0.978927826077006,-0.20017445588037233
-0.0020638791960317,0.1190869774584429,0.4979312261520038,0.8590010394770045
0.0490771055286027,0.2789231556781274,0.6360653669568559,-0.7194600212552434
-0.0129054092712262,0.9504909058882227,-0.17945530153703995,0.25369831015210925
0.0262596521734246,0.2575516134118877,-0.03675423069587102,0.9655652712038105
0.0096365719081324,0.019522553047898395,0.22397465984979278,0.9743994158801932
0.0504666261962191,0.5655319547259796,-0.7873217044587796,-0.24555679968580504
-0.0880115887411782,0.1355743377402121,0.06528494297443188,-0.9886139161306238
0.0723620855405262,0.009227218009969096,0.6873054372742897,-0.7263099161797214
-0.012151535482864,0.3146339160669738,0.8432795716753074,0.4357580324623639
-0.0403378298163221,0.9682462303200019,-0.0771766324293662,-0.23778773071369422
0.0650835377244541,0.9477848318403281,0.19604970615203868,-0.25153215550124053
0.0357730083189761,0.8444999488891631,0.22120960021535055,0.48773573695062133
0.0423888770338295,0.8498652782118595,0.0389773597123089,0.5255566328377331
0.0117096955325168,0.8622720037781044,-0.4992264954327404,-0.08520503364494787
-0.0234718837426786,0.02977913214985521,-0.5401377983030067,-0.8410495598552928
-0.1258754835762709,0.9067687373578228,-0.34028277807546053,0.24895398750722306
-0.072245262581368,0.9619913738701635,-0.020643859248068015,0.2722984165850791
0.0054692716682321,0.9690770214773679,0.209264512844414,-0.13075966544979828
-0.1485360974884983,0.9539327035582988,-0.2991279906247368,-0.023126657924614727
0.0201768899846753,0.7943982373418742,0.38035296959477743,0.47356420792597664
-0.1428445016313625,0.29292533373449825,0.4641739539434945,-0.8359050719651098
-0.1001648917489475,0.4388255013437834,0.5825834613349927,-0.6841262236965605
0.0140521324538944,0.9999743011518045,-0.0021145959402119607,0.006850220432208332
0.0193492102688287,0.25252939692862847,0.47249204175026904,0.8443815335318066
-0.0611257102435083,0.18598164910967158,0.7460125865419165,0.6394341615174203
0.1146036700942656,0.09385655222227872,0.8350074517263595,-0.5421747902350293
-0.0030524276180645,0.9811573545513954,-0.0816641026421087,0.17510345498980445
0.079384877466209,0.974299920129355,0.05866011763071467,0.21748254236945821
-0.0528891048994052,0.43106735888683057,-0.7654693145672496,0.47774225326872377
0.0844422090014572,0.7211762850484098,0.40232665821354807,-0.5639486022453587
-0.0455645429645852,0.9535659563613129,0.23243771454804735,-0.19153244039696007
0.146876497646446,0.8365912809656186,0.46661437269715644,0.2870297124075214
0.032599874704841,0.6555590068507847,-0.17708965241181682,0.7340855832567988
0.0621428911500775,0.32250947355701315,-0.7129801742014353,-0.6226129702003237
0.0111699503886664,0.8992296225747619,-0.43429150997669064,-0.05269696619557143
0.0287564385428008,0.9992190088545613,-0.03057190146841689,0.025034599743427782
0.2537461774637699,0.56862346903927,0.3690997695945943,-0.7351412861096592
0.0300400210708835,0.3565060134145802,0.3585842423921916,-0.8627402874024495
0.07939463255739,0.46308706746264877,-0.45865679098121753,-0.7584090690621098
-0.0605560083690178,0.7677084792090136,0.6407536286378195,-0.007647113053354558
-0.0231893438961468,0.9016834339644632,0.013323795198795823,-0.43219146381615875
0.1043881385911073,0.20348256002705892,0.250615042530872,-0.9464602200948985
-0.0416730547678072,0.13771117069087144,-0.23216501287863606,0.9628785179149094
0.0906156549169593,0.7468380862975827,-0.01213438615207176,-0.6648952019138631
0.0731039534614287,0.7961109137157024,-0.6051466713785075,-0.002217922961243014
0.0508296947699803,0.8428043565983806,0.432534996729126,0.3203034391063022
-0.0005804275280828,0.853374869245623,0.05330361066451458,0.5185653841418087
-0.1044784283533787,0.9021492703205178,-0.28568000026512247,-0.3232856809521213
0.0029504972594149,0.999992645153687,0.0022717004457065582,0.0030901481545592756
0.0709620813968246,0.9957339427059613,-0.09181491529568668,-0.009161695939473427
-0.0372506507996603,0.9998978813103452,-0.012843048854229327,0.006267618942680371
0.0255825597885672,0.372626200510748,0.39880512305108956,0.8379165761107302
-0.0381691851982455,0.07500908031890031,0.9635749822470023,-0.2567038984070986
0.0578677355366178,0.871189011819212,-0.3377168974367362,0.3563383264134939
0.0392917228191523,0.796990741622607,-0.6032393919402567,-0.030132935127471394
-0.0946276610671327,0.18385980908319974,0.2470039492977915,0.9514119084997745
-0.0294722156962457,0.17445172405457976,0.5738339454800231,-0.8001757300675988
-0.0468346847783219,0.5731574130461277,0.2646852881463774,-0.7755206496987297
0.0986969269404593,0.548078534857133,-0.04718423271928239,-0.8350949453873799
-0.02954348415128,0.9107331672394926,0.40756907853809904,-0.06672738800168347
-0.0756554182577042,0.9438872478485906,-0.28167824423356524,-0.17243616231611425
0.0708508209146657,0.6700176794886361,0.6442404486061323,0.36882320094109144
0.0447797855516757,0.5178442105003649,0.7720759802629052,0.36842374292698316
-0.0702929396280686,0.7387177769091099,-0.4903498378327306,-0.46244251817482923
-0.0298286838665692,0.07544692896898901,0.5734424048032156,0.8157644079528436
0.0171287432222449,0.33987325451372896,0.9401696300073651,0.023816752046832444
-0.4720582549816036,0.9411952845644901,-0.14644409989405105,-0.3044758806864508
0.0022971110524973,0.4523174633398465,-0.8817146270153451,0.13412020304561664
0.0800340729029135,0.9581929452353568,-0.23741137446366875,0.15969382886155647
0.0643509341922278,0.6764152471502709,0.4930976343253017,-0.5470988360848785
0.0241040102077012,0.9973111867036616,-0.06002723647346856,0.04203721871261891
0.0064321784669533,0.5781557618030301,-0.576892491875282,-0.5770017052937414
0.0387551159370334,0.6389366593055866,0.5406712167279379,-0.5472061593196369
-0.0283875506989147,0.19268149642388543,-0.16811403787314527,0.966753076646689
-0.075739353462233,0.8523498062993363,0.3920376539563411,-0.3461304459042746
-0.0258836461978501,0.29703487523687727,0.10925754690448956,0.9485953148405415
-0.007602211877034,0.0260603150744338,-0.21773437019864658,0.9756600863069167
-0.000368834903338,0.8742125373520186,-0.06152138809309571,0.48163010531282624
-0.0673888340951884,0.3065499622438977,0.07448207377922217,-0.9489360048674575
-0.0155843555179996,0.1261720430822704,-0.9589710364346417,0.25388022141142624
-0.0573501258584202,0.950609865166999,-0.09356845568299645,0.29594902998367684
0.0140571773347571,0.2751235929308454,-0.7545964470533875,0.5957274634488716
0.0102046337304568,0.36279738746760315,-0.5434970445957069,-0.7569603808406448
-0.1197448882148697,0.15976372409644515,0.9037573185372119,0.3971124043054603
-0.0465953787738545,0.6550817645727394,0.6339461634929473,-0.41107194445357065
-0.0406697621619143,0.01012174632491396,-0.9962931650136589,0.08542528664511612
-0.0141268411085072,0.8773304430728774,-0.022982021064264602,0.4793361246196143
0.103027862421472,0.5553256272312697,0.4504963726744455,0.6990468267200446
0.0704238002800265,0.7574669567215608,-0.5569128510908354,-0.34072259356381707
-0.0149709940638427,0.8379064025066032,0.30775994105391036,-0.4507734234856087
-0.0647001288193701,0.3791056007198219,0.6888205938547081,0.6179038217914746
-0.0462320626453656,0.927058274630698,-0.29305349013660253,-0.23384312552972256
0.0692733808981415,0.4158375385444398,-0.4916528680281847,0.7650860075161237
0.0414096919379769,0.9977339412079108,0.04275074466867068,-0.051955330737117174
-0.0062159741159977,0.8965347461608333,0.3621692132837272,0.25506648128630394
-0.0549906968934302,0.6470475497616219,-0.543694406720201,-0.5345333108877781
0.0221237394821894,0.9997145131324959,0.003952479860973348,-0.023564170581739673
-0.0028275940309378,0.8575315622453004,0.5023240144992454,-0.11095135966042315
0.0287828930294765,0.5900572317480595,0.27502607704669074,-0.7590738568849046
-0.175421543512802,0.8069374813608725,-0.5589327136699873,0.19090867650391222
-0.0223480304487763,0.8778362817942171,-0.43328836362021567,0.20411922084169232
-0.0564105007371666,0.21965240806628847,0.9663021521257537,-0.13421240787579014
0.0560834162013038,0.9406040157922362,0.331629067979876,-0.07270657980071285
0.0652379200694896,0.7723252345452869,-0.22269640021306455,0.5949117963334651
0.0649121042318785,0.8868805733861668,-0.43682920178275697,-0.15040976371254478
0.0278085545565275,0.6325281608981688,0.626620588768582,0.45525241723915755
-0.2776576895688551,0.40085660585653743,-0.8990016868788476,-0.17638012509963566
-0.0700955224839822,0.5712655777755947,0.7765944879135368,-0.26562500068899286
-0.0372656458047232,0.9322596590472572,-0.0004848757393853027,-0.3617895700660942
0.0313192400973209,0.5058203641175111,-0.6041130354453338,0.615786651080594
0.0965819030848665,0.8564749523029433,0.39001824809486807,-0.33813669163620946
-0.025250609445118,0.8358760971457273,0.4202111045106597,0.35317669496494
0.0155401364250851,0.845851431618773,-0.1217780558207551,-0.5193317444071652
0.0611476671545302,0.2823812989641105,0.8741654629829742,-0.3950892877858169
-0.0205440326113214,0.9753259120546955,-0.03503441403254433,-0.21797237235042566
0.0912130393713074,0.05389137283543961,-0.9985098181858449,0.008594353982853008
0.0898168654757442,0.3512729434073073,-0.9003337896807364,0.2569170807655466
0.0245747047437529,0.9176670860409094,0.15029090344359228,-0.367831161729529
-0.261947050455539,0.7492847608691552,0.6042200752596636,-0.271091216719501
-0.0202111224640547,0.8637438631283169,-0.497716593759429,0.07889696575080096
-0.0183404206778429,0.7660216337800112,-0.370238346415879,-0.5254849411964514
-0.0108625165028294,0.940114210627611,-0.300307542479945,-0.16124717332616956
-0.0405361647697225,0.999489511583329,-0.03175926104434085,-0.0034735533443173853
-0.0182052762574649,0.8796962089832198,0.4356871505007442,-0.19055520667012305
-0.0385210466790382,0.3570349863307285,0.13602440186326573,0.924133854283868
0.0390973010932664,0.6673282456683025,-0.06876739509955601,0.741582131597362
0.0327308258121839,0.9727842143089812,-0.15064335216963662,0.17606093501499134
0.2099417817472952,0.928063869475018,-0.13187311864532916,-0.34829145087672164
-0.1072127260516508,0.574278064381499,-0.4588461964210695,-0.6779858942486607
0.0245049938571632,0.9999076836317037,0.007178549552399649,0.011536578375084018
-0.0367199776024278,0.9827324250656924,-0.14496246670066373,-0.11499071254915445
0.1385577171860876,0.8066624338309828,-0.5289607340220341,0.2636214325671306
0.0420583072281827,0.9987023615242505,0.03310316032513402,0.03870108347803351
-0.0299945637476795,0.5538958712436075,0.07130702812917943,-0.829526775673136
0.0646510318188798,0.9614450970238806,-0.09014045659109889,0.25980381732047175
0.0114823299945505,0.9818390752443239,0.09858037794648063,0.162092379238815
-0.0456621593851926,0.9209610686482232,0.24655289218587184,-0.3017323008713263
-0.0233336919932136,0.5026879146894715,-0.7962693723202235,0.33654115220862346
-0.0470322188797747,0.9016507920940181,0.3855279641135344,0.19594396648711332
-0.0280436889582466,0.9824436527816808,0.1775715003249604,-0.05720866526437132
0.1542612982665499,0.538975734710504,0.5539332295296466,-0.6345574320864332
-0.0026017104268768,0.9011319264108753,0.36180100436496426,-0.23887503938990357
-0.0276386802139642,0.9784630633532917,-0.022985381619137938,0.20513826041261762
-0.0713534372694008,0.19656601107908847,0.8913827686949402,0.4084097978283559
-0.0697612028253178,0.9957192262799799,-0.060892068507560626,-0.06953688524278806
-0.0345287112047692,0.9994843999681103,0.026504328933119183,-0.018123321113731657
-0.0559668923525438,0.9245499386131074,0.33125114424757957,-0.18836159493157978
-0.0380257429095756,0.9950454599043758,-0.06643741769509477,0.0739635197492449
-0.0255452348656168,0.8218463212586671,-0.5314124161308807,0.20535205919477728
-0.0142124358096319,0.5191546378815832,-0.7998694366661626,0.301143398156755
-0.0057665787392287,0.42233929084305755,-0.8755526811434171,0.23459971430663998
-0.0184776156429222,0.9584009969528292,0.15747961516384917,0.2380497843890414
0.0155030189023158,0.9981817830433306,0.0373583928216096,0.04730199241283207
0.0766354388682615,0.591719925753686,0.35288365832325036,0.7248038721988533
-0.1302691991058591,0.9905280836866694,-0.10966507410446819,0.08262981876826274
0.0157603162743013,0.9974187992159276,0.02760258740671776,-0.06628601767425482
-0.155199673498433,0.9885500581963909,0.05645665634871209,0.13993365711591926
-0.0585433866887675,0.9705287670560273,0.11289363379541807,-0.2129059411223028
-0.0498241244561851,0.8422564009806882,0.08016849704595513,0.5330827019219915
-0.071533348697207,0.5932798435814105,0.7534432792437108,-0.2834470888234713
-0.0150207729291331,0.3251562995538005,-0.9375676500029803,0.12345153918995197
-0.0153319326630267,0.29471401360429783,0.7573704360970083,0.5826951799281277
-0.0124748322988882,0.9344861716694703,0.2526013467067776,-0.2508548476718351
0.0217510528063584,0.33081091334948237,-0.918018364167394,0.2186467988796157
0.0965145352785993,0.9744829755499492,-0.22060220496916647,-0.04144390818997418
0.0779909909426048,0.8187383430921283,0.4967148165872633,0.28799638284783646
-0.0522239560672591,0.4027026259295142,-0.9113624537280378,-0.08514148814933885
0.0230931334358487,0.7474800089178645,0.40802400231428015,0.5242042062055451
-0.1492967737853668,0.36008684046066536,0.05462493086994952,0.9313181971026383
-0.0017851667979785,0.07317842383937108,0.44583942223205797,-0.892116655975086
0.0037590455805942,0.591160182487631,0.5281030715301874,0.6096201969108083
0.2431311922215848,0.6497919820150106,0.7427724942723601,-0.16142924723054608
-0.0406510079720948,0.3680295981021425,-0.22629939294957696,0.9018551988381663
0.036430625884838,0.9994715414688929,0.005983215005525002,-0.03195057013564495
0.0348824344238379,0.9492808715292773,0.11239240308828974,-0.29365587798757764
0.0854035544467516,0.7091833583239436,-0.29675371303990467,-0.6395281057728447
-0.0096288630453994,0.8462419563719571,-0.026773087866686245,0.5321256928976886
-0.0313465110854138,0.5385866667003945,0.8295443036112685,0.14758269139249972
-0.2026342827598385,0.9824978917000079,0.18580815533933898,0.013161391052300459
-0.0241546247858108,0.839451546511794,-0.4865727237467511,-0.24200844110201045
0.0495097538571105,0.9925422395572602,-0.05384534340617066,-0.10936444435066589
0.1359481326290152,0.48833977551135277,0.8703367728022823,0.06354656215429823
-0.0609667552059336,0.40714560990681065,0.06199696107380854,-0.9112567306479683
0.0242130493854749,0.9994506410409674,-0.026638206981689713,-0.019718571236276794
0.3198301053773026,0.2711477730249297,-0.11557885724120986,-0.9555733425239724
0.0223215889058885,0.7830517498839803,-0.5755706194654394,-0.23568712101387002
0.0805022341295883,0.9711148762885866,0.10986556850753498,-0.21181466877324454
-0.0772405392678545,0.2699398319867701,-0.5523295196932541,-0.7887107129882119
0.0119418928960209,0.677682532071491,0.5928981506654267,-0.4349921478172792
-0.0050765197511839,0.6020457218305376,0.4009575698522084,-0.6904882156878265
-0.1262296119243972,0.5002798969986542,-0.2525968331830124,0.8281997733185692
-0.0565438719349217,0.7831850841638274,-0.4423428323399695,0.43698277153768
-0.0347151545056482,0.20980387002811474,-0.7188792904857171,0.6627178146330291
0.085073635642514,0.159032756288205,-0.6676336276993032,-0.7273059339730734
-0.012623718751419,0.5877235609969184,0.4094730363912612,-0.6977914074547081
-0.2377208425040676,0.25597093977392776,-0.17624230055000958,-0.950482787581181
0.1221970991269928,0.7965349715955528,-0.5895610136985223,-0.1339770508409657
-0.044897746288862,0.9185806604585345,-0.2498899650450716,0.3062100187801429
-0.1061727399405121,0.9735467137014288,0.10705351726810194,-0.20185722846030668
0.1101028318758561,0.8884929137521278,-0.4414055328457491,-0.1254651257737159
0.0324843076717362,0.02684279338084903,0.8576334212160862,-0.5135604923051464
-0.0003706388462339,0.5797180200529145,-0.7844656361710549,0.22031950184373322
0.0678580711984728,0.8463578231598006,-0.025074131655666722,-0.5320241752946178
0.0479601956742303,0.9999930724626152,-0.0034181337208818788,-0.0014735632477080743
-0.0075580925919723,0.04667586154209393,-0.5162200397338622,0.8551831584675139
-0.1822726305852509,0.5259637660736622,0.5063787075793019,-0.683332072485937
0.0631426024767568,0.17413432843317014,-0.589604999929703,-0.7886971406814048
-0.1602966043590156,0.9650921819096043,0.023146116554088433,0.26088567937973073
-0.0571618108042758,0.7709501457056087,0.4267137663676735,-0.4728120497923199
0.0485880978755877,0.9767931035164101,0.2072027124104401,0.054242685152342936
-0.0679072540698439,0.005995554098804351,0.2894041837125616,-0.9571882112629231
-0.0561464220323668,0.9762440533667767,0.010014387048117367,0.21644227941429686
0.0691725625872056,0.9932075106860967,-0.041682372443060986,0.10863434330010488
-0.0109515064142788,0.9117873633802753,-0.28126276717401166,0.299224096258412
-0.0499967580652989,0.7559208564681728,0.1482045735006945,0.6376668904294008
-0.1078704631672673,0.1511975003906574,-0.9615518788331354,0.22925378990996917
-0.1018310811989417,0.4669394347642282,-0.8679850567485689,-0.16902516239674734
0.1384768101964486,0.9759409533355621,0.1692805411791688,0.13741671652518098
0.0005194844126677,0.9517701313127649,0.28271262088661425,-0.11919392237989201
-0.2155466138666946,0.9606508016713629,0.20024088475509105,0.19249318253035919
-0.0750352151565066,0.986757809678228,-0.025964858066647216,-0.1601088729102942
0.167926577412424,0.6826032814780048,0.003642916258915771,-0.7307800553357968
0.0427153645088701,0.8609470749376182,-0.4987022692269963,0.10033035843753249
-0.107029287415572,0.5868933925586096,-0.022826894943328825,-0.8093423741768943
0.0126871084857478,0.9840006816158493,0.1750629105819483,-0.03310039151008284
-0.045827729208569,0.9782174910141174,0.1682742364310743,0.12154966732815072
-0.0564317946615243,0.7733058605488067,-0.5238383915101571,-0.3571993639704878
0.0319261788091786,0.898506266350535,-0.1272785521673109,-0.4201031533885631
0.0401964043507381,0.1034363374905334,-0.9241043249195264,0.36787514288352074
0.0602718488677814,0.7512039803248519,-0.22571248358727286,-0.6202793360228636
0.044733480566402,0.3797385198180303,-0.573108532559888,0.7261854215511787
0.0240362301056859,0.5003508109730073,0.8657162454304684,-0.01358117654796418
0.10009632137454,0.22064174480103488,0.12412455678122543,-0.9674245783806712
-0.3662193565389711,0.8205204375955324,0.5627743371486161,-0.1001561627408507
0.0231904709690385,0.7565593849797425,-0.18349897417820013,-0.6276511957087488
-0.0240477259505007,0.7400118277329365,0.5626729636354382,0.3684855910467485
-0.1047635844252518,0.8909494193366659,-0.45212432427800664,0.042340613833690616
-0.0017590427696693,0.7235568722820054,0.026707242867424857,0.6897479073921878
0.172682386395127,0.2988099985262731,0.8465343544468132,0.44055893081635067
-0.0188862591111002,0.20272448403519774,-0.29252210823382635,0.9345231938090678
0.0013601752156966,0.8411653270120781,0.5357351656288929,-0.07367988152302082
0.0267261512131328,0.5198731966833339,-0.23129592352733808,-0.8223345153463324
-0.0564419368009752,0.9088281963984997,-0.11945080565261619,-0.39970340811655714
-0.0252500558589311,0.8762081549838961,0.46544884800932357,0.12496655163086717
0.1140339299571171,0.22196001580619476,0.9716466617664761,0.08146481486738255
-0.0733112625185384,0.892916532890561,0.39311343035565127,-0.21945818773678077
-0.0429650302598,0.39115734369498717,-0.5825283259678379,0.7125003031007006
-0.0546613269105875,0.7801438811815824,0.5136381963790111,0.357143287596804
0.0388362304388817,0.7491624081148041,-0.6596147247388552,-0.06053181952751768
-0.1029228816367534,0.4738726742388939,0.839530246070009,-0.2657699278385523
-0.1188621412244854,0.9263310004665287,-0.3183726658003539,-0.20136961847770404
-0.0707732458931,0.9785719039017199,-0.1737953225070298,0.1104183624622304
-0.0399262823597712,0.7373560532330244,0.6719622246050083,0.06908559520265758
-0.0418080906409462,0.07866971479093252,0.4096301119652345,-0.9088532595232647
-0.0789415122863708,0.16035934797175835,0.9176097179500683,0.3636994432792944
-0.0085501414333139,0.9989261934570762,0.016511171380730216,-0.04328788797102621
-0.0223709822396029,0.9999980097505069,-8.148342908053047e-05,-0.001993453153684285
-0.0775935877944362,0.9915121516556705,-0.05942473337526784,0.11563889562954532
0.0260259428364076,0.7320939862710787,0.6425588121241587,-0.2261781780528613
-0.0261246841889033,0.9563049705293247,0.24980375109935768,0.1519173764833945
0.0256161901231222,0.4408315508885662,-0.24612742326244824,0.863185284431662
0.0846697924779649,0.9449906533006832,-0.14925701566181498,-0.2910584278973495
-0.0226610175165755,0.9675953152787032,0.10001813940135082,-0.23185270678040146
-0.005147606184711,0.7706109722863425,-0.6371205997196656,0.015364595821291483
0.0582428236485426,0.9915664798413467,0.060111757655876265,0.11481503667447604
-0.0283474803716916,0.43621169278824,-0.7063733277681237,-0.5574550034689842
-0.1338715871971758,0.37682885199724014,-0.7043261318736808,0.6016017921036312
0.0124477168091086,0.434755395394223,0.010477800370283364,-0.9004876244985343
-0.0284978821470791,0.9530179664341671,-0.10597963691922756,0.28376939971066895
0.1116879067007353,0.46247429962386766,-0.8863813326502568,-0.02111054988786603
0.2270596213076694,0.5448303686234452,0.6336383682291793,-0.5492379154187225
-0.0034551490414854,0.32384284100322186,-0.6132022004561057,0.7204921066096087
-0.2071335425653584,0.8920925314882843,0.4094087428748178,0.1911946560981398
-0.0074517514769143,0.4680317752310239,-0.8827776713050475,0.04061822767346964
0.0461389416913535,0.5592491353821096,0.021254653462949975,-0.8287271229304207
0.0808638356247933,0.9796641183490861,0.05596484539522184,0.1926814762741786
0.0947563271362755,0.6704529555066718,-0.36958377409624066,-0.6433511237086228
-0.0628987219139701,0.9987724482992715,-0.04952910525505077,0.0006813596063921532
-0.0503766117395019,0.8948384444921821,0.43321399669511096,0.10765589313298296
0.0982644639775471,0.045254240266673816,-0.4987779341276838,-0.8655475874642631
-0.1112056371456948,0.9796855262871894,-0.10776626454249007,0.16912333313280814
-0.0315487265816897,0.9402399464816377,-0.3307438887339141,-0.0809772999387818
0.0303321124568184,0.9863463865742781,-0.061703599977145446,0.15268749602284143
0.0877123372556607,0.7998107729427996,-0.3899803714735903,-0.4563091466867193
-0.1071061375142291,0.3562173163168613,0.8313163220267081,-0.4266408282009583
-0.0605606012739872,0.9659747650608597,-0.04421529283400419,-0.25482888601024073
-0.0325489936376876,0.34936952528496706,-0.278658564361435,-0.8945894808850485
-0.3885906241892841,0.7730354573595203,0.30271498193840396,0.557476296693401
0.0251891949931375,0.48376616620073976,0.28654637842766567,-0.8269591703641886
0.0405616792216091,0.9966625914023693,0.05926444744775506,0.05613736872909303
0.2166666633197058,0.8932571912790035,-0.35953544662383563,0.26986265552933575
-0.0126976549899631,0.03430738670862616,-0.22364968090616383,0.9740656155761767
0.1521143502470985,0.964998489319452,0.15782737708687308,0.2094479282615453
-0.0415996945220233,0.5914250351316157,0.0070878887581068365,-0.8063288346899916
-0.0581808371524735,0.6887222298438006,-0.22209298534869074,-0.6901712801746313
0.1039468059500316,0.3669347811742709,0.8555462259809937,0.3652389924067094
-0.0178334208256745,0.47167781453081237,-0.7108011588521064,-0.5218062397614073
-0.0238159879575688,0.9188211356054456,-0.3933867660109078,0.03185236399701672
-0.0962398664827755,0.9754837933761945,-0.1555352153408874,-0.15569253562471627
0.0368365958028569,0.08068295426810716,-0.9796250287815186,-0.18391591523133452
-0.161918971092841,0.09297092657169959,0.9911381331627158,-0.094876803293146
-0.0591993544477436,0.581842790185943,-0.7891946672185441,-0.1965470547793786
0.116459888865309,0.9969679723894795,-0.07774395125185848,0.0032772051139151248
-0.026732896525719,0.6643991702503568,-0.22874773026438336,-0.7115112216047828
0.0684645948208587,0.7621217567253354,-0.6250151405632616,0.16889790405027283
-0.0320965212837548,0.830540404216301,-0.4345287941384149,0.34840689434745437
0.0124401231690643,0.9591054246042319,-0.23637807625445784,0.1556990351960401
0.0095252978063076,0.18114691019675686,0.8369204851751233,0.5164783620060034
-0.0156943294573635,0.9621644904620362,0.11253723634738082,0.24814282929237352
0.0176419755733473,0.9411533463319464,-0.2517878467140982,0.225462322651163
-0.0081230871628304,0.9130984624505878,0.3643853711096732,-0.18296037601524068
-0.0902916243487129,0.17313966573307799,0.9837316919442689,-0.04790213371347961
-0.0695254767694442,0.9920685091297397,0.09698478611941365,-0.07996264411878322
-0.0347151764052761,0.8248007135684303,-0.4109491830100805,0.3883613676466231
0.0386491828473101,0.7632969005822179,0.4963438215972276,-0.4135464330928744
-0.1064296484451992,0.21132814383298978,0.40668189711067454,0.8887914548343532
-0.0008329385979534,0.4036309188662224,-0.8579750947673631,0.3177433210850282
-0.1665927561966388,0.8027854338116346,-0.48464533863461207,-0.3473534842197611
0.0584589457194884,0.9818826306234062,-0.17578257163250965,-0.07076006776651202
0.0207729329242598,0.27676886064306255,-0.8758706969530008,0.3952841003599888
0.1771181897184471,0.8617854045597902,0.4469427466666771,-0.2399335276483159
-0.0730917354907287,0.43553684867795156,0.7106398594531664,-0.5525383639169891
-0.044843592939941,0.5993746965181406,0.20553881891133927,-0.7736302521840253
0.0021615498178878,0.13533269373581042,-0.9019830544459033,-0.4100141845090826
0.0108671489749368,0.5535387013547802,0.4846811466932352,-0.677258512048829
0.0071147412947322,0.38298584388359086,0.5087232238034459,-0.771052867803371
-0.0496209240147143,0.9993070129913398,0.02621240990797107,-0.02642732209556206
-0.0583400633899067,0.5786170764767433,0.806579693606791,0.12096064099814374
-0.0475605716504081,0.6455897565866816,-0.37963493428956896,0.662639557268734
0.0272870227924014,0.9553600265610557,0.12239799943506795,-0.2688976559651498
-0.1071522683209543,0.6570775630045278,0.2459709662346336,-0.712563933949531
-0.0770346863429509,0.8777790680101977,-0.006231488611522351,0.47902513119129075
-0.0494202618393966,0.5379211255069196,0.5197936323974648,-0.6636681719446986
0.1614109988170941,0.9243134640122568,0.34292789906542326,0.1674666423149319
-0.0060106554888543,0.22207653766866567,-0.8674451761030144,-0.4452200330990376
0.0447595548210075,0.7768386810956469,0.47322360986547213,0.41542878886695783
0.0184460296873247,0.14812560362368768,0.47261198469285376,-0.8687328228378389
0.0974202619394111,0.9987916944892452,0.03367703858446158,0.035791173373932686
0.0611468823801097,0.3070319408710258,0.48939368496493585,-0.8162261992863327
-0.002970508470737,0.24253511067268774,0.864137745055061,-0.4409565484967215
-0.0243530624746933,0.8722697590772205,-0.1915508247225624,0.4499486070069269
0.0276046277905729,0.6106948373667593,-0.14912723438216682,0.7776971670124005
-0.0570465460136696,0.4718861238343557,0.8491130839517742,-0.23734038171894445
-0.0498704112132227,0.8293934586782327,0.02023992657162861,-0.5582981605505556
0.0216131529510879,0.38699147289878355,-0.6210681914640857,0.6815510996654323
0.0099416658486844,0.7156382638614389,-0.06463289497872904,0.6954742728412419
0.0332872971282936,0.5116179008328883,0.5340042331703128,-0.6731170793432114
0.0170567315523289,0.9699673424000647,0.05717601318536591,0.23641966541212803
0.0788519226346984,0.8251843800458756,0.5634112923063188,0.04047782886998363
-0.0472576737809508,0.35316985163943937,-0.522638355180436,0.7759640491590218
0.0042710495558782,0.9828731381540203,0.04340114878329487,-0.17909978944587973
-0.0088698267365059,0.554930240882085,-0.4124327855476408,0.7224621963535289
0.0037320560064621,0.864363612914148,-0.4970216064145255,-0.07645304066631728
-0.04917830244751,0.3547975172370862,0.9349421565407929,-0.0013732025528073255
-0.0901147521396814,0.5778075198772906,0.0067322691317426445,-0.8161452974352007
-0.0181858140915749,0.11227834105768812,-0.13526282135125003,-0.9844275205871853
-0.0557546704750376,0.28630767066139196,-0.3068964853449079,-0.9076576805180413
-0.001709224058982,0.7575791152419361,0.647531346979821,-0.08232277223067812
-0.1195946023714928,0.48465129220062764,-0.3919516509890017,-0.7819763604197109
0.0500252929435367,0.8892324944726185,0.25176942958490844,0.38193942595717223
0.1775188538464499,0.8326692517515542,-0.5221157454298705,0.18454556500148578
-0.0860964655596003,0.5588632039841784,-0.2664603047517301,-0.7852839137688697
-0.0015766834838698,0.956873910312541,0.28093513547411614,-0.07394436705610095
0.0295380006092976,0.5828481278705888,-0.43236203923154715,0.688005179391324
0.0329078752944511,0.9628188157153423,0.22523448119131342,-0.1491621821608463
-0.1060126924346094,0.6871904899774225,-0.5932213676401782,-0.41935383563251993
-0.0075369868088432,0.9554040482834941,0.09411141403179228,-0.27990381610911874
-0.0139781587228447,0.9934070876929804,-0.030800870986716654,0.11042492684086722
0.0323745349572405,0.9266026280510592,-0.3203728708509266,-0.1968979261231717
0.0706638424910004,0.5445419440331689,0.10514747433079064,0.832116626339381
-0.0552271003335698,0.9645679080462645,-0.25635802423785126,-0.062364366236805434
0.0866701125419661,0.3001669335675413,0.5056063578020884,0.8088646505706414
-0.0423965353221502,0.7850032067120578,0.5041880164736836,0.3599505653504644
0.0057997915462553,0.7358792998913696,0.40922771307202,0.5394574448881323
0.0607627841022834,0.9649491334468746,0.25318496469980933,0.06906912124880477
0.1574840823878984,0.2930455479366289,0.2968600575976979,0.9088445483346491
0.0340557533228216,0.8429420928548573,0.5373139615752763,-0.027245821510014954
0.0430459136272986,0.8075846522540306,0.4080878166260567,-0.425759748408788
-0.0279554720226898,0.9714968400057221,0.09371116150309763,0.21774321589578113
0.0044378953380069,0.979065854698202,0.15593991250299932,0.1308158853222196
-0.0107563404049461,0.9997418694575385,0.021423137334579855,0.007565952702059629
-0.0481328678186557,0.6224606439193302,-0.040880398059912545,0.7815827146412566
-0.1696138548386895,0.8863005180953543,-0.3936256915456217,0.24398812794711472
0.0660808614517283,0.8451409574291867,-0.1887220659206533,-0.5001207293347459
0.0086971962077134,0.957710603650221,-0.2492277920751893,-0.14379119344819252
-0.0651967416257953,0.3185960149578598,-0.7610937070706706,-0.5650070338592215
0.0135272212721648,0.8733373798806242,-0.4212770734634644,-0.24455561387403316
-0.0202155956906707,0.8130054819445929,-0.1556301948835147,0.5610715897000663
-0.081789185381397,0.9847613512229919,-0.16581885204696456,-0.05243271348398861
-0.0917076665217858,0.7557186017304909,-0.6024399603484635,-0.2568180078846758
-0.1849864988616234,0.11483145985023781,-0.5758961291582666,-0.8094179292857235
-0.0214200293678952,0.9774157548875047,-0.10587652681498574,-0.18288959283481687
-0.0500194351928759,0.38159610364683894,0.20589656499126344,0.9011054423353292
0.2160451214251231,0.14056145859878622,-0.01824185143604878,-0.9899038898866731
-0.0706644424640932,0.9984851114802156,0.03638353563322464,-0.041276149132001824
-0.0040099832487677,0.8458725568031894,-0.41165335631836864,0.3391771393815589
0.0489702856354299,0.862559454761127,0.25074106929033463,0.43945432433112647
-0.0178108099079877,0.1116132899346942,-0.9043828198904076,0.4118667121740098
0.0020325369149644,0.9993080382010302,-0.020254955423618427,0.03119585818014252
-0.0328824266794598,0.8478865717547096,-0.5105138298293606,-0.1430524064495402
-0.1181297348704646,0.8111812128267333,-0.5785504062175802,0.08523184511919854
-0.0861425862191104,0.9927418434714061,0.12017077640489887,-0.004755703863576254
-0.1197017064220095,0.6982033026192624,0.3656954855367371,-0.6154502092530352
-0.073652470029015,0.535342886217255,0.782548472248495,0.31784569016761244
-0.0040224652502983,0.5499568239204552,-0.6019747595520855,0.5789420356871093
0.0327193397995994,0.9397583572962167,-0.3401717893683421,-0.03372511838165307
-0.0522422388274591,0.9445839381258392,0.3226341482488162,0.06056723717028566
0.0089859003592778,0.4949522256538606,0.5582665294394882,0.6658534196261808
-0.0274022203393087,0.8037622006270841,-0.07949786292383207,0.589615480320565
-0.0272411410192072,0.2391131115109856,-0.8671611180026354,0.4368712800447685
-0.0945047341868208,0.9991055319759203,-0.001835087976137666,0.04224651970556837
0.1498830671630737,0.4570385360729335,0.6693178185341091,0.585772510738641
